Workbook

Sheet Sheet1

Sheet Sheet2

Sheet Sheet3

Sheet Summary
A1: Employee | B1: 02/02 | C1: 02/03 | D1: 02/04 | E1: 02/05 | F1: 02/06 | G1: 02/07 | H1: 02/09 | I1: 02/10 | J1: 02/11 | K1: 02/12 | L1: 02/13 | M1: 02/14 | N1: 02/15 | O1: 02/16 | P1: 02/17 | Q1: 02/18 | R1: 02/19 | S1: 02/20 | T1: 02/21 | U1: 02/22 | V1: 02/23 | W1: 02/24 | X1: 02/25 | Y1: 02/26 | Z1: 02/27 | AA1: 02/28 | AB1: MTD Utilization
A2: Albert Karson | C2: ='Albert Karson'!F24/'Albert Karson'!F26 | D2: ='Albert Karson'!G24/'Albert Karson'!G26 | E2: ='Albert Karson'!H24/'Albert Karson'!H26 | K2: ='Albert Karson'!N24/'Albert Karson'!N26 | P2: ='Albert Karson'!S24/'Albert Karson'!S26 | Q2: ='Albert Karson'!T24/'Albert Karson'!T26 | R2: ='Albert Karson'!U24/'Albert Karson'!U26 | S2: ='Albert Karson'!V24/'Albert Karson'!V26 | V2: ='Albert Karson'!Y24/'Albert Karson'!Y26 | W2: ='Albert Karson'!Z24/'Albert Karson'!Z26 | X2: ='Albert Karson'!AA24/'Albert Karson'!AA26 | Y2: ='Albert Karson'!AB24/'Albert Karson'!AB26 | Z2: ='Albert Karson'!AC24/'Albert Karson'!AC26 | AB2: ='Albert Karson'!AE24/'Albert Karson'!AE26
A3: Alice Raymond | B3: ='Alice Raymond'!E24/'Alice Raymond'!E26 | C3: ='Alice Raymond'!F24/'Alice Raymond'!F26 | D3: ='Alice Raymond'!G24/'Alice Raymond'!G26 | E3: ='Alice Raymond'!H24/'Alice Raymond'!H26 | F3: ='Alice Raymond'!I24/'Alice Raymond'!I26 | I3: ='Alice Raymond'!L24/'Alice Raymond'!L26 | J3: ='Alice Raymond'!M24/'Alice Raymond'!M26 | K3: ='Alice Raymond'!N24/'Alice Raymond'!N26 | L3: ='Alice Raymond'!O24/'Alice Raymond'!O26 | P3: ='Alice Raymond'!S24/'Alice Raymond'!S26 | Q3: ='Alice Raymond'!T24/'Alice Raymond'!T26 | R3: ='Alice Raymond'!U24/'Alice Raymond'!U26 | S3: ='Alice Raymond'!V24/'Alice Raymond'!V26 | T3: ='Alice Raymond'!W24/'Alice Raymond'!W26 | U3: ='Alice Raymond'!X24/'Alice Raymond'!X26 | V3: ='Alice Raymond'!Y24/'Alice Raymond'!Y26 | W3: ='Alice Raymond'!Z24/'Alice Raymond'!Z26 | ... Z3: ='Alice Raymond'!AC24/'Alice Raymond'!AC26 | AB3: ='Alice Raymond'!AE24/'Alice Raymond'!AE26
A4: Alvise Axel | B4: ='Alvise Axel'!E24/'Alvise Axel'!E26 | C4: ='Alvise Axel'!F24/'Alvise Axel'!F26 | D4: ='Alvise Axel'!G24/'Alvise Axel'!G26 | E4: ='Alvise Axel'!H24/'Alvise Axel'!H26 | F4: ='Alvise Axel'!I24/'Alvise Axel'!I26 | G4: ='Alvise Axel'!J24/'Alvise Axel'!J26 | H4: ='Alvise Axel'!K24/'Alvise Axel'!K26 | I4: ='Alvise Axel'!L24/'Alvise Axel'!L26 | ... S4: ='Alvise Axel'!V24/'Alvise Axel'!V26 | V4: ='Alvise Axel'!Y24/'Alvise Axel'!Y26 | W4: ='Alvise Axel'!Z24/'Alvise Axel'!Z26 | X4: ='Alvise Axel'!AA24/'Alvise Axel'!AA26 | Y4: ='Alvise Axel'!AB24/'Alvise Axel'!AB26 | Z4: ='Alvise Axel'!AC24/'Alvise Axel'!AC26 | AB4: ='Alvise Axel'!AE24/'Alvise Axel'!AE26
A5: Anthony Kaleb | B5: ='Anthony Kaleb'!E24/'Anthony Kaleb'!E26 | C5: ='Anthony Kaleb'!F24/'Anthony Kaleb'!F26 | E5: ='Anthony Kaleb'!H24/'Anthony Kaleb'!H26 | F5: ='Anthony Kaleb'!I24/'Anthony Kaleb'!I26 | H5: ='Anthony Kaleb'!K24/'Anthony Kaleb'!K26 | I5: ='Anthony Kaleb'!L24/'Anthony Kaleb'!L26 | J5: ='Anthony Kaleb'!M24/'Anthony Kaleb'!M26 | K5: ='Anthony Kaleb'!N24/'Anthony Kaleb'!N26 | L5: ='Anthony Kaleb'!O24/'Anthony Kaleb'!O26 | O5: ='Anthony Kaleb'!R24/'Anthony Kaleb'!R26 | P5: ='Anthony Kaleb'!S24/'Anthony Kaleb'!S26 | Q5: ='Anthony Kaleb'!T24/'Anthony Kaleb'!T26 | R5: ='Anthony Kaleb'!U24/'Anthony Kaleb'!U26 | V5: ='Anthony Kaleb'!Y24/'Anthony Kaleb'!Y26 | W5: ='Anthony Kaleb'!Z24/'Anthony Kaleb'!Z26 | X5: ='Anthony Kaleb'!AA24/'Anthony Kaleb'!AA26 | Y5: ='Anthony Kaleb'!AB24/'Anthony Kaleb'!AB26 | Z5: ='Anthony Kaleb'!AC24/'Anthony Kaleb'!AC26 | AB5: ='Anthony Kaleb'!AE24/'Anthony Kaleb'!AE26
A6: Asher Ryder | B6: ='Asher Ryder'!E24/'Asher Ryder'!E26 | C6: ='Asher Ryder'!F24/'Asher Ryder'!F26 | D6: ='Asher Ryder'!G24/'Asher Ryder'!G26 | E6: ='Asher Ryder'!H24/'Asher Ryder'!H26 | F6: ='Asher Ryder'!I24/'Asher Ryder'!I26 | G6: ='Asher Ryder'!J24/'Asher Ryder'!J26 | I6: ='Asher Ryder'!L24/'Asher Ryder'!L26 | R6: ='Asher Ryder'!U24/'Asher Ryder'!U26 | T6: ='Asher Ryder'!W24/'Asher Ryder'!W26 | U6: ='Asher Ryder'!X24/'Asher Ryder'!X26 | V6: ='Asher Ryder'!Y24/'Asher Ryder'!Y26 | W6: ='Asher Ryder'!Z24/'Asher Ryder'!Z26 | X6: ='Asher Ryder'!AA24/'Asher Ryder'!AA26 | Y6: ='Asher Ryder'!AB24/'Asher Ryder'!AB26 | AA6: ='Asher Ryder'!AD24/'Asher Ryder'!AD26 | AB6: ='Asher Ryder'!AE24/'Asher Ryder'!AE26
A7: Ashley Megan | B7: ='Ashley Megan'!E24/'Ashley Megan'!E26 | C7: ='Ashley Megan'!F24/'Ashley Megan'!F26 | D7: ='Ashley Megan'!G24/'Ashley Megan'!G26 | E7: ='Ashley Megan'!H24/'Ashley Megan'!H26 | F7: ='Ashley Megan'!I24/'Ashley Megan'!I26 | H7: ='Ashley Megan'!K24/'Ashley Megan'!K26 | I7: ='Ashley Megan'!L24/'Ashley Megan'!L26 | J7: ='Ashley Megan'!M24/'Ashley Megan'!M26 | K7: ='Ashley Megan'!N24/'Ashley Megan'!N26 | L7: ='Ashley Megan'!O24/'Ashley Megan'!O26 | O7: ='Ashley Megan'!R24/'Ashley Megan'!R26 | P7: ='Ashley Megan'!S24/'Ashley Megan'!S26 | Q7: ='Ashley Megan'!T24/'Ashley Megan'!T26 | R7: ='Ashley Megan'!U24/'Ashley Megan'!U26 | S7: ='Ashley Megan'!V24/'Ashley Megan'!V26 | V7: ='Ashley Megan'!Y24/'Ashley Megan'!Y26 | W7: ='Ashley Megan'!Z24/'Ashley Megan'!Z26 | X7: ='Ashley Megan'!AA24/'Ashley Megan'!AA26 | Y7: ='Ashley Megan'!AB24/'Ashley Megan'!AB26 | Z7: ='Ashley Megan'!AC24/'Ashley Megan'!AC26 | AB7: ='Ashley Megan'!AE24/'Ashley Megan'!AE26
A8: Austen Brody | B8: ='Austen Brody'!E24/'Austen Brody'!E26 | C8: ='Austen Brody'!F24/'Austen Brody'!F26 | F8: ='Austen Brody'!I24/'Austen Brody'!I26 | AB8: ='Austen Brody'!AE24/'Austen Brody'!AE26
A9: Austin Christopher | B9: ='Austin Christopher'!E24/'Austin Christopher'!E26 | C9: ='Austin Christopher'!F24/'Austin Christopher'!F26 | D9: ='Austin Christopher'!G24/'Austin Christopher'!G26 | F9: ='Austin Christopher'!I24/'Austin Christopher'!I26 | H9: ='Austin Christopher'!K24/'Austin Christopher'!K26 | I9: ='Austin Christopher'!L24/'Austin Christopher'!L26 | J9: ='Austin Christopher'!M24/'Austin Christopher'!M26 | K9: ='Austin Christopher'!N24/'Austin Christopher'!N26 | L9: ='Austin Christopher'!O24/'Austin Christopher'!O26 | O9: ='Austin Christopher'!R24/'Austin Christopher'!R26 | P9: ='Austin Christopher'!S24/'Austin Christopher'!S26 | Q9: ='Austin Christopher'!T24/'Austin Christopher'!T26 | S9: ='Austin Christopher'!V24/'Austin Christopher'!V26 | V9: ='Austin Christopher'!Y24/'Austin Christopher'!Y26 | W9: ='Austin Christopher'!Z24/'Austin Christopher'!Z26 | X9: ='Austin Christopher'!AA24/'Austin Christopher'!AA26 | Y9: ='Austin Christopher'!AB24/'Austin Christopher'!AB26 | Z9: ='Austin Christopher'!AC24/'Austin Christopher'!AC26 | AB9: ='Austin Christopher'!AE24/'Austin Christopher'!AE26
A10: Austin Keith | P10: ='Austin Keith'!S24/'Austin Keith'!S26 | AB10: ='Austin Keith'!AE24/'Austin Keith'!AE26
A11: Ayesha Selena | B11: ='Ayesha Selena'!E24/'Ayesha Selena'!E26 | C11: ='Ayesha Selena'!F24/'Ayesha Selena'!F26 | D11: ='Ayesha Selena'!G24/'Ayesha Selena'!G26 | F11: ='Ayesha Selena'!I24/'Ayesha Selena'!I26 | I11: ='Ayesha Selena'!L24/'Ayesha Selena'!L26 | J11: ='Ayesha Selena'!M24/'Ayesha Selena'!M26 | K11: ='Ayesha Selena'!N24/'Ayesha Selena'!N26 | L11: ='Ayesha Selena'!O24/'Ayesha Selena'!O26 | O11: ='Ayesha Selena'!R24/'Ayesha Selena'!R26 | P11: ='Ayesha Selena'!S24/'Ayesha Selena'!S26 | Q11: ='Ayesha Selena'!T24/'Ayesha Selena'!T26 | S11: ='Ayesha Selena'!V24/'Ayesha Selena'!V26 | V11: ='Ayesha Selena'!Y24/'Ayesha Selena'!Y26 | W11: ='Ayesha Selena'!Z24/'Ayesha Selena'!Z26 | X11: ='Ayesha Selena'!AA24/'Ayesha Selena'!AA26 | Y11: ='Ayesha Selena'!AB24/'Ayesha Selena'!AB26 | Z11: ='Ayesha Selena'!AC24/'Ayesha Selena'!AC26 | AB11: ='Ayesha Selena'!AE24/'Ayesha Selena'!AE26
A12: Barry Rabi | B12: ='Barry Rabi'!E24/'Barry Rabi'!E26 | C12: ='Barry Rabi'!F24/'Barry Rabi'!F26 | D12: ='Barry Rabi'!G24/'Barry Rabi'!G26 | E12: ='Barry Rabi'!H24/'Barry Rabi'!H26 | I12: ='Barry Rabi'!L24/'Barry Rabi'!L26 | J12: ='Barry Rabi'!M24/'Barry Rabi'!M26 | K12: ='Barry Rabi'!N24/'Barry Rabi'!N26 | L12: ='Barry Rabi'!O24/'Barry Rabi'!O26 | O12: ='Barry Rabi'!R24/'Barry Rabi'!R26 | P12: ='Barry Rabi'!S24/'Barry Rabi'!S26 | Q12: ='Barry Rabi'!T24/'Barry Rabi'!T26 | R12: ='Barry Rabi'!U24/'Barry Rabi'!U26 | S12: ='Barry Rabi'!V24/'Barry Rabi'!V26 | W12: ='Barry Rabi'!Z24/'Barry Rabi'!Z26 | X12: ='Barry Rabi'!AA24/'Barry Rabi'!AA26 | Y12: ='Barry Rabi'!AB24/'Barry Rabi'!AB26 | Z12: ='Barry Rabi'!AC24/'Barry Rabi'!AC26 | AA12: ='Barry Rabi'!AD24/'Barry Rabi'!AD26 | AB12: ='Barry Rabi'!AE24/'Barry Rabi'!AE26
A13: Belinda Usmon | D13: ='Belinda Usmon'!G24/'Belinda Usmon'!G26 | I13: ='Belinda Usmon'!L24/'Belinda Usmon'!L26 | K13: ='Belinda Usmon'!N24/'Belinda Usmon'!N26 | L13: ='Belinda Usmon'!O24/'Belinda Usmon'!O26 | P13: ='Belinda Usmon'!S24/'Belinda Usmon'!S26 | Q13: ='Belinda Usmon'!T24/'Belinda Usmon'!T26 | R13: ='Belinda Usmon'!U24/'Belinda Usmon'!U26 | V13: ='Belinda Usmon'!Y24/'Belinda Usmon'!Y26 | W13: ='Belinda Usmon'!Z24/'Belinda Usmon'!Z26 | X13: ='Belinda Usmon'!AA24/'Belinda Usmon'!AA26 | Y13: ='Belinda Usmon'!AB24/'Belinda Usmon'!AB26 | Z13: ='Belinda Usmon'!AC24/'Belinda Usmon'!AC26 | AB13: ='Belinda Usmon'!AE24/'Belinda Usmon'!AE26
A14: Benjamin Ralph | B14: ='Benjamin Ralph'!E24/'Benjamin Ralph'!E26 | C14: ='Benjamin Ralph'!F24/'Benjamin Ralph'!F26 | D14: ='Benjamin Ralph'!G24/'Benjamin Ralph'!G26 | E14: ='Benjamin Ralph'!H24/'Benjamin Ralph'!H26 | F14: ='Benjamin Ralph'!I24/'Benjamin Ralph'!I26 | H14: ='Benjamin Ralph'!K24/'Benjamin Ralph'!K26 | J14: ='Benjamin Ralph'!M24/'Benjamin Ralph'!M26 | K14: ='Benjamin Ralph'!N24/'Benjamin Ralph'!N26 | L14: ='Benjamin Ralph'!O24/'Benjamin Ralph'!O26 | O14: ='Benjamin Ralph'!R24/'Benjamin Ralph'!R26 | P14: ='Benjamin Ralph'!S24/'Benjamin Ralph'!S26 | Q14: ='Benjamin Ralph'!T24/'Benjamin Ralph'!T26 | R14: ='Benjamin Ralph'!U24/'Benjamin Ralph'!U26 | S14: ='Benjamin Ralph'!V24/'Benjamin Ralph'!V26 | V14: ='Benjamin Ralph'!Y24/'Benjamin Ralph'!Y26 | W14: ='Benjamin Ralph'!Z24/'Benjamin Ralph'!Z26 | X14: ='Benjamin Ralph'!AA24/'Benjamin Ralph'!AA26 | Y14: ='Benjamin Ralph'!AB24/'Benjamin Ralph'!AB26 | Z14: ='Benjamin Ralph'!AC24/'Benjamin Ralph'!AC26 | AB14: ='Benjamin Ralph'!AE24/'Benjamin Ralph'!AE26
A15: Beverly Ruwan | B15: ='Beverly Ruwan'!E24/'Beverly Ruwan'!E26 | C15: ='Beverly Ruwan'!F24/'Beverly Ruwan'!F26 | D15: ='Beverly Ruwan'!G24/'Beverly Ruwan'!G26 | H15: ='Beverly Ruwan'!K24/'Beverly Ruwan'!K26 | I15: ='Beverly Ruwan'!L24/'Beverly Ruwan'!L26 | J15: ='Beverly Ruwan'!M24/'Beverly Ruwan'!M26 | K15: ='Beverly Ruwan'!N24/'Beverly Ruwan'!N26 | L15: ='Beverly Ruwan'!O24/'Beverly Ruwan'!O26 | O15: ='Beverly Ruwan'!R24/'Beverly Ruwan'!R26 | P15: ='Beverly Ruwan'!S24/'Beverly Ruwan'!S26 | Q15: ='Beverly Ruwan'!T24/'Beverly Ruwan'!T26 | X15: ='Beverly Ruwan'!AA24/'Beverly Ruwan'!AA26 | Y15: ='Beverly Ruwan'!AB24/'Beverly Ruwan'!AB26 | Z15: ='Beverly Ruwan'!AC24/'Beverly Ruwan'!AC26 | AB15: ='Beverly Ruwan'!AE24/'Beverly Ruwan'!AE26
A16: Bianca Allison | C16: ='Bianca Allison'!F24/'Bianca Allison'!F26 | D16: ='Bianca Allison'!G24/'Bianca Allison'!G26 | H16: ='Bianca Allison'!K24/'Bianca Allison'!K26 | I16: ='Bianca Allison'!L24/'Bianca Allison'!L26 | J16: ='Bianca Allison'!M24/'Bianca Allison'!M26 | K16: ='Bianca Allison'!N24/'Bianca Allison'!N26 | L16: ='Bianca Allison'!O24/'Bianca Allison'!O26 | O16: ='Bianca Allison'!R24/'Bianca Allison'!R26 | P16: ='Bianca Allison'!S24/'Bianca Allison'!S26 | Q16: ='Bianca Allison'!T24/'Bianca Allison'!T26 | S16: ='Bianca Allison'!V24/'Bianca Allison'!V26 | V16: ='Bianca Allison'!Y24/'Bianca Allison'!Y26 | W16: ='Bianca Allison'!Z24/'Bianca Allison'!Z26 | X16: ='Bianca Allison'!AA24/'Bianca Allison'!AA26 | Y16: ='Bianca Allison'!AB24/'Bianca Allison'!AB26 | AB16: ='Bianca Allison'!AE24/'Bianca Allison'!AE26
A17: Brenda Saylor | B17: ='Brenda Saylor'!E24/'Brenda Saylor'!E26 | C17: ='Brenda Saylor'!F24/'Brenda Saylor'!F26 | D17: ='Brenda Saylor'!G24/'Brenda Saylor'!G26 | E17: ='Brenda Saylor'!H24/'Brenda Saylor'!H26 | F17: ='Brenda Saylor'!I24/'Brenda Saylor'!I26 | H17: ='Brenda Saylor'!K24/'Brenda Saylor'!K26 | I17: ='Brenda Saylor'!L24/'Brenda Saylor'!L26 | J17: ='Brenda Saylor'!M24/'Brenda Saylor'!M26 | K17: ='Brenda Saylor'!N24/'Brenda Saylor'!N26 | L17: ='Brenda Saylor'!O24/'Brenda Saylor'!O26 | O17: ='Brenda Saylor'!R24/'Brenda Saylor'!R26 | P17: ='Brenda Saylor'!S24/'Brenda Saylor'!S26 | Q17: ='Brenda Saylor'!T24/'Brenda Saylor'!T26 | R17: ='Brenda Saylor'!U24/'Brenda Saylor'!U26 | S17: ='Brenda Saylor'!V24/'Brenda Saylor'!V26 | T17: ='Brenda Saylor'!W24/'Brenda Saylor'!W26 | U17: ='Brenda Saylor'!X24/'Brenda Saylor'!X26 | V17: ='Brenda Saylor'!Y24/'Brenda Saylor'!Y26 | ... Z17: ='Brenda Saylor'!AC24/'Brenda Saylor'!AC26 | AB17: ='Brenda Saylor'!AE24/'Brenda Saylor'!AE26
A18: Brooklyn Georgia | G18: ='Brooklyn Georgia'!J24/'Brooklyn Georgia'!J26 | H18: ='Brooklyn Georgia'!K24/'Brooklyn Georgia'!K26 | I18: ='Brooklyn Georgia'!L24/'Brooklyn Georgia'!L26 | J18: ='Brooklyn Georgia'!M24/'Brooklyn Georgia'!M26 | K18: ='Brooklyn Georgia'!N24/'Brooklyn Georgia'!N26 | L18: ='Brooklyn Georgia'!O24/'Brooklyn Georgia'!O26 | M18: ='Brooklyn Georgia'!P24/'Brooklyn Georgia'!P26 | N18: ='Brooklyn Georgia'!Q24/'Brooklyn Georgia'!Q26 | ... S18: ='Brooklyn Georgia'!V24/'Brooklyn Georgia'!V26 | V18: ='Brooklyn Georgia'!Y24/'Brooklyn Georgia'!Y26 | W18: ='Brooklyn Georgia'!Z24/'Brooklyn Georgia'!Z26 | X18: ='Brooklyn Georgia'!AA24/'Brooklyn Georgia'!AA26 | Z18: ='Brooklyn Georgia'!AC24/'Brooklyn Georgia'!AC26 | AB18: ='Brooklyn Georgia'!AE24/'Brooklyn Georgia'!AE26
A19: Bryan Vince | B19: ='Bryan Vince'!E24/'Bryan Vince'!E26 | C19: ='Bryan Vince'!F24/'Bryan Vince'!F26 | D19: ='Bryan Vince'!G24/'Bryan Vince'!G26 | E19: ='Bryan Vince'!H24/'Bryan Vince'!H26 | F19: ='Bryan Vince'!I24/'Bryan Vince'!I26 | H19: ='Bryan Vince'!K24/'Bryan Vince'!K26 | I19: ='Bryan Vince'!L24/'Bryan Vince'!L26 | J19: ='Bryan Vince'!M24/'Bryan Vince'!M26 | K19: ='Bryan Vince'!N24/'Bryan Vince'!N26 | L19: ='Bryan Vince'!O24/'Bryan Vince'!O26 | O19: ='Bryan Vince'!R24/'Bryan Vince'!R26 | P19: ='Bryan Vince'!S24/'Bryan Vince'!S26 | R19: ='Bryan Vince'!U24/'Bryan Vince'!U26 | S19: ='Bryan Vince'!V24/'Bryan Vince'!V26 | V19: ='Bryan Vince'!Y24/'Bryan Vince'!Y26 | W19: ='Bryan Vince'!Z24/'Bryan Vince'!Z26 | X19: ='Bryan Vince'!AA24/'Bryan Vince'!AA26 | Y19: ='Bryan Vince'!AB24/'Bryan Vince'!AB26 | Z19: ='Bryan Vince'!AC24/'Bryan Vince'!AC26 | AB19: ='Bryan Vince'!AE24/'Bryan Vince'!AE26
A20: Dane Patrick | C20: ='Dane Patrick'!F24/'Dane Patrick'!F26 | D20: ='Dane Patrick'!G24/'Dane Patrick'!G26 | AB20: ='Dane Patrick'!AE24/'Dane Patrick'!AE26
A21: Della Lily | C21: ='Della Lily'!F24/'Della Lily'!F26 | D21: ='Della Lily'!G24/'Della Lily'!G26 | F21: ='Della Lily'!I24/'Della Lily'!I26 | O21: ='Della Lily'!R24/'Della Lily'!R26 | R21: ='Della Lily'!U24/'Della Lily'!U26 | U21: ='Della Lily'!X24/'Della Lily'!X26 | V21: ='Della Lily'!Y24/'Della Lily'!Y26 | W21: ='Della Lily'!Z24/'Della Lily'!Z26 | X21: ='Della Lily'!AA24/'Della Lily'!AA26 | Y21: ='Della Lily'!AB24/'Della Lily'!AB26 | Z21: ='Della Lily'!AC24/'Della Lily'!AC26 | AB21: ='Della Lily'!AE24/'Della Lily'!AE26
A22: Diana Pamela | B22: ='Diana Pamela'!E24/'Diana Pamela'!E26 | C22: ='Diana Pamela'!F24/'Diana Pamela'!F26 | D22: ='Diana Pamela'!G24/'Diana Pamela'!G26 | H22: ='Diana Pamela'!K24/'Diana Pamela'!K26 | I22: ='Diana Pamela'!L24/'Diana Pamela'!L26 | J22: ='Diana Pamela'!M24/'Diana Pamela'!M26 | K22: ='Diana Pamela'!N24/'Diana Pamela'!N26 | L22: ='Diana Pamela'!O24/'Diana Pamela'!O26 | O22: ='Diana Pamela'!R24/'Diana Pamela'!R26 | P22: ='Diana Pamela'!S24/'Diana Pamela'!S26 | Q22: ='Diana Pamela'!T24/'Diana Pamela'!T26 | R22: ='Diana Pamela'!U24/'Diana Pamela'!U26 | S22: ='Diana Pamela'!V24/'Diana Pamela'!V26 | V22: ='Diana Pamela'!Y24/'Diana Pamela'!Y26 | W22: ='Diana Pamela'!Z24/'Diana Pamela'!Z26 | X22: ='Diana Pamela'!AA24/'Diana Pamela'!AA26 | Y22: ='Diana Pamela'!AB24/'Diana Pamela'!AB26 | Z22: ='Diana Pamela'!AC24/'Diana Pamela'!AC26 | AB22: ='Diana Pamela'!AE24/'Diana Pamela'!AE26
A23: Donald Roman | B23: ='Donald Roman'!E24/'Donald Roman'!E26 | C23: ='Donald Roman'!F24/'Donald Roman'!F26 | D23: ='Donald Roman'!G24/'Donald Roman'!G26 | E23: ='Donald Roman'!H24/'Donald Roman'!H26 | F23: ='Donald Roman'!I24/'Donald Roman'!I26 | H23: ='Donald Roman'!K24/'Donald Roman'!K26 | I23: ='Donald Roman'!L24/'Donald Roman'!L26 | J23: ='Donald Roman'!M24/'Donald Roman'!M26 | K23: ='Donald Roman'!N24/'Donald Roman'!N26 | L23: ='Donald Roman'!O24/'Donald Roman'!O26 | O23: ='Donald Roman'!R24/'Donald Roman'!R26 | P23: ='Donald Roman'!S24/'Donald Roman'!S26 | Q23: ='Donald Roman'!T24/'Donald Roman'!T26 | R23: ='Donald Roman'!U24/'Donald Roman'!U26 | V23: ='Donald Roman'!Y24/'Donald Roman'!Y26 | W23: ='Donald Roman'!Z24/'Donald Roman'!Z26 | X23: ='Donald Roman'!AA24/'Donald Roman'!AA26 | Y23: ='Donald Roman'!AB24/'Donald Roman'!AB26 | Z23: ='Donald Roman'!AC24/'Donald Roman'!AC26 | AB23: ='Donald Roman'!AE24/'Donald Roman'!AE26
A24: Dora Ross | C24: ='Dora Ross'!F24/'Dora Ross'!F26 | D24: ='Dora Ross'!G24/'Dora Ross'!G26 | F24: ='Dora Ross'!I24/'Dora Ross'!I26 | H24: ='Dora Ross'!K24/'Dora Ross'!K26 | I24: ='Dora Ross'!L24/'Dora Ross'!L26 | J24: ='Dora Ross'!M24/'Dora Ross'!M26 | K24: ='Dora Ross'!N24/'Dora Ross'!N26 | L24: ='Dora Ross'!O24/'Dora Ross'!O26 | O24: ='Dora Ross'!R24/'Dora Ross'!R26 | P24: ='Dora Ross'!S24/'Dora Ross'!S26 | R24: ='Dora Ross'!U24/'Dora Ross'!U26 | S24: ='Dora Ross'!V24/'Dora Ross'!V26 | V24: ='Dora Ross'!Y24/'Dora Ross'!Y26 | W24: ='Dora Ross'!Z24/'Dora Ross'!Z26 | X24: ='Dora Ross'!AA24/'Dora Ross'!AA26 | Y24: ='Dora Ross'!AB24/'Dora Ross'!AB26 | Z24: ='Dora Ross'!AC24/'Dora Ross'!AC26 | AB24: ='Dora Ross'!AE24/'Dora Ross'!AE26
A25: Edwin Robert | B25: ='Edwin Robert'!E24/'Edwin Robert'!E26 | I25: ='Edwin Robert'!L24/'Edwin Robert'!L26 | S25: ='Edwin Robert'!V24/'Edwin Robert'!V26 | W25: ='Edwin Robert'!Z24/'Edwin Robert'!Z26 | X25: ='Edwin Robert'!AA24/'Edwin Robert'!AA26 | Y25: ='Edwin Robert'!AB24/'Edwin Robert'!AB26 | Z25: ='Edwin Robert'!AC24/'Edwin Robert'!AC26 | AB25: ='Edwin Robert'!AE24/'Edwin Robert'!AE26
A26: George Reece | B26: ='George Reece'!E24/'George Reece'!E26 | C26: ='George Reece'!F24/'George Reece'!F26 | F26: ='George Reece'!I24/'George Reece'!I26 | H26: ='George Reece'!K24/'George Reece'!K26 | I26: ='George Reece'!L24/'George Reece'!L26 | J26: ='George Reece'!M24/'George Reece'!M26 | K26: ='George Reece'!N24/'George Reece'!N26 | L26: ='George Reece'!O24/'George Reece'!O26 | O26: ='George Reece'!R24/'George Reece'!R26 | P26: ='George Reece'!S24/'George Reece'!S26 | S26: ='George Reece'!V24/'George Reece'!V26 | AB26: ='George Reece'!AE24/'George Reece'!AE26
A27: Georgina Karter | B27: ='Georgina Karter'!E24/'Georgina Karter'!E26 | C27: ='Georgina Karter'!F24/'Georgina Karter'!F26 | D27: ='Georgina Karter'!G24/'Georgina Karter'!G26 | F27: ='Georgina Karter'!I24/'Georgina Karter'!I26 | H27: ='Georgina Karter'!K24/'Georgina Karter'!K26 | I27: ='Georgina Karter'!L24/'Georgina Karter'!L26 | J27: ='Georgina Karter'!M24/'Georgina Karter'!M26 | K27: ='Georgina Karter'!N24/'Georgina Karter'!N26 | O27: ='Georgina Karter'!R24/'Georgina Karter'!R26 | P27: ='Georgina Karter'!S24/'Georgina Karter'!S26 | Q27: ='Georgina Karter'!T24/'Georgina Karter'!T26 | R27: ='Georgina Karter'!U24/'Georgina Karter'!U26 | S27: ='Georgina Karter'!V24/'Georgina Karter'!V26 | V27: ='Georgina Karter'!Y24/'Georgina Karter'!Y26 | W27: ='Georgina Karter'!Z24/'Georgina Karter'!Z26 | X27: ='Georgina Karter'!AA24/'Georgina Karter'!AA26 | Y27: ='Georgina Karter'!AB24/'Georgina Karter'!AB26 | Z27: ='Georgina Karter'!AC24/'Georgina Karter'!AC26 | AB27: ='Georgina Karter'!AE24/'Georgina Karter'!AE26
A28: Gina Suzana | B28: ='Gina Suzana'!E24/'Gina Suzana'!E26 | C28: ='Gina Suzana'!F24/'Gina Suzana'!F26 | E28: ='Gina Suzana'!H24/'Gina Suzana'!H26 | H28: ='Gina Suzana'!K24/'Gina Suzana'!K26 | I28: ='Gina Suzana'!L24/'Gina Suzana'!L26 | J28: ='Gina Suzana'!M24/'Gina Suzana'!M26 | K28: ='Gina Suzana'!N24/'Gina Suzana'!N26 | L28: ='Gina Suzana'!O24/'Gina Suzana'!O26 | O28: ='Gina Suzana'!R24/'Gina Suzana'!R26 | P28: ='Gina Suzana'!S24/'Gina Suzana'!S26 | Q28: ='Gina Suzana'!T24/'Gina Suzana'!T26 | R28: ='Gina Suzana'!U24/'Gina Suzana'!U26 | V28: ='Gina Suzana'!Y24/'Gina Suzana'!Y26 | W28: ='Gina Suzana'!Z24/'Gina Suzana'!Z26 | X28: ='Gina Suzana'!AA24/'Gina Suzana'!AA26 | Y28: ='Gina Suzana'!AB24/'Gina Suzana'!AB26 | Z28: ='Gina Suzana'!AC24/'Gina Suzana'!AC26 | AB28: ='Gina Suzana'!AE24/'Gina Suzana'!AE26
A29: Gloria Edison | E29: ='Gloria Edison'!H24/'Gloria Edison'!H26 | F29: ='Gloria Edison'!I24/'Gloria Edison'!I26 | H29: ='Gloria Edison'!K24/'Gloria Edison'!K26 | I29: ='Gloria Edison'!L24/'Gloria Edison'!L26 | J29: ='Gloria Edison'!M24/'Gloria Edison'!M26 | K29: ='Gloria Edison'!N24/'Gloria Edison'!N26 | L29: ='Gloria Edison'!O24/'Gloria Edison'!O26 | O29: ='Gloria Edison'!R24/'Gloria Edison'!R26 | P29: ='Gloria Edison'!S24/'Gloria Edison'!S26 | R29: ='Gloria Edison'!U24/'Gloria Edison'!U26 | S29: ='Gloria Edison'!V24/'Gloria Edison'!V26 | V29: ='Gloria Edison'!Y24/'Gloria Edison'!Y26 | W29: ='Gloria Edison'!Z24/'Gloria Edison'!Z26 | X29: ='Gloria Edison'!AA24/'Gloria Edison'!AA26 | Y29: ='Gloria Edison'!AB24/'Gloria Edison'!AB26 | AB29: ='Gloria Edison'!AE24/'Gloria Edison'!AE26
A30: Iris Nova | B30: ='Iris Nova'!E24/'Iris Nova'!E26 | C30: ='Iris Nova'!F24/'Iris Nova'!F26 | E30: ='Iris Nova'!H24/'Iris Nova'!H26 | F30: ='Iris Nova'!I24/'Iris Nova'!I26 | H30: ='Iris Nova'!K24/'Iris Nova'!K26 | I30: ='Iris Nova'!L24/'Iris Nova'!L26 | O30: ='Iris Nova'!R24/'Iris Nova'!R26 | P30: ='Iris Nova'!S24/'Iris Nova'!S26 | Q30: ='Iris Nova'!T24/'Iris Nova'!T26 | R30: ='Iris Nova'!U24/'Iris Nova'!U26 | S30: ='Iris Nova'!V24/'Iris Nova'!V26 | V30: ='Iris Nova'!Y24/'Iris Nova'!Y26 | W30: ='Iris Nova'!Z24/'Iris Nova'!Z26 | X30: ='Iris Nova'!AA24/'Iris Nova'!AA26 | Y30: ='Iris Nova'!AB24/'Iris Nova'!AB26 | Z30: ='Iris Nova'!AC24/'Iris Nova'!AC26 | AB30: ='Iris Nova'!AE24/'Iris Nova'!AE26
A31: Irvin Kim | B31: ='Irvin Kim'!E24/'Irvin Kim'!E26 | C31: ='Irvin Kim'!F24/'Irvin Kim'!F26 | D31: ='Irvin Kim'!G24/'Irvin Kim'!G26 | E31: ='Irvin Kim'!H24/'Irvin Kim'!H26 | F31: ='Irvin Kim'!I24/'Irvin Kim'!I26 | H31: ='Irvin Kim'!K24/'Irvin Kim'!K26 | J31: ='Irvin Kim'!M24/'Irvin Kim'!M26 | K31: ='Irvin Kim'!N24/'Irvin Kim'!N26 | L31: ='Irvin Kim'!O24/'Irvin Kim'!O26 | O31: ='Irvin Kim'!R24/'Irvin Kim'!R26 | P31: ='Irvin Kim'!S24/'Irvin Kim'!S26 | Q31: ='Irvin Kim'!T24/'Irvin Kim'!T26 | R31: ='Irvin Kim'!U24/'Irvin Kim'!U26 | S31: ='Irvin Kim'!V24/'Irvin Kim'!V26 | V31: ='Irvin Kim'!Y24/'Irvin Kim'!Y26 | W31: ='Irvin Kim'!Z24/'Irvin Kim'!Z26 | X31: ='Irvin Kim'!AA24/'Irvin Kim'!AA26 | Y31: ='Irvin Kim'!AB24/'Irvin Kim'!AB26 | Z31: ='Irvin Kim'!AC24/'Irvin Kim'!AC26 | AB31: ='Irvin Kim'!AE24/'Irvin Kim'!AE26
A32: Iverson Karter | B32: ='Iverson Karter'!E24/'Iverson Karter'!E26 | E32: ='Iverson Karter'!H24/'Iverson Karter'!H26 | F32: ='Iverson Karter'!I24/'Iverson Karter'!I26 | H32: ='Iverson Karter'!K24/'Iverson Karter'!K26 | I32: ='Iverson Karter'!L24/'Iverson Karter'!L26 | J32: ='Iverson Karter'!M24/'Iverson Karter'!M26 | K32: ='Iverson Karter'!N24/'Iverson Karter'!N26 | L32: ='Iverson Karter'!O24/'Iverson Karter'!O26 | O32: ='Iverson Karter'!R24/'Iverson Karter'!R26 | P32: ='Iverson Karter'!S24/'Iverson Karter'!S26 | Q32: ='Iverson Karter'!T24/'Iverson Karter'!T26 | R32: ='Iverson Karter'!U24/'Iverson Karter'!U26 | S32: ='Iverson Karter'!V24/'Iverson Karter'!V26 | T32: ='Iverson Karter'!W24/'Iverson Karter'!W26 | U32: ='Iverson Karter'!X24/'Iverson Karter'!X26 | V32: ='Iverson Karter'!Y24/'Iverson Karter'!Y26 | ... Z32: ='Iverson Karter'!AC24/'Iverson Karter'!AC26 | AB32: ='Iverson Karter'!AE24/'Iverson Karter'!AE26
A33: Jacob Stev | C33: ='Jacob Stev'!F24/'Jacob Stev'!F26 | D33: ='Jacob Stev'!G24/'Jacob Stev'!G26 | H33: ='Jacob Stev'!K24/'Jacob Stev'!K26 | I33: ='Jacob Stev'!L24/'Jacob Stev'!L26 | J33: ='Jacob Stev'!M24/'Jacob Stev'!M26 | K33: ='Jacob Stev'!N24/'Jacob Stev'!N26 | P33: ='Jacob Stev'!S24/'Jacob Stev'!S26 | Q33: ='Jacob Stev'!T24/'Jacob Stev'!T26 | W33: ='Jacob Stev'!Z24/'Jacob Stev'!Z26 | X33: ='Jacob Stev'!AA24/'Jacob Stev'!AA26 | Y33: ='Jacob Stev'!AB24/'Jacob Stev'!AB26 | Z33: ='Jacob Stev'!AC24/'Jacob Stev'!AC26 | AB33: ='Jacob Stev'!AE24/'Jacob Stev'!AE26
A34: Julianne Moore | B34: ='Julianne Moore'!E24/'Julianne Moore'!E26 | C34: ='Julianne Moore'!F24/'Julianne Moore'!F26 | D34: ='Julianne Moore'!G24/'Julianne Moore'!G26 | H34: ='Julianne Moore'!K24/'Julianne Moore'!K26 | I34: ='Julianne Moore'!L24/'Julianne Moore'!L26 | J34: ='Julianne Moore'!M24/'Julianne Moore'!M26 | O34: ='Julianne Moore'!R24/'Julianne Moore'!R26 | Q34: ='Julianne Moore'!T24/'Julianne Moore'!T26 | V34: ='Julianne Moore'!Y24/'Julianne Moore'!Y26 | W34: ='Julianne Moore'!Z24/'Julianne Moore'!Z26 | X34: ='Julianne Moore'!AA24/'Julianne Moore'!AA26 | Y34: ='Julianne Moore'!AB24/'Julianne Moore'!AB26 | Z34: ='Julianne Moore'!AC24/'Julianne Moore'!AC26 | AB34: ='Julianne Moore'!AE24/'Julianne Moore'!AE26
A35: Kaizen Kane | B35: ='Kaizen Kane'!E24/'Kaizen Kane'!E26 | C35: ='Kaizen Kane'!F24/'Kaizen Kane'!F26 | D35: ='Kaizen Kane'!G24/'Kaizen Kane'!G26 | E35: ='Kaizen Kane'!H24/'Kaizen Kane'!H26 | F35: ='Kaizen Kane'!I24/'Kaizen Kane'!I26 | K35: ='Kaizen Kane'!N24/'Kaizen Kane'!N26 | L35: ='Kaizen Kane'!O24/'Kaizen Kane'!O26 | O35: ='Kaizen Kane'!R24/'Kaizen Kane'!R26 | P35: ='Kaizen Kane'!S24/'Kaizen Kane'!S26 | Q35: ='Kaizen Kane'!T24/'Kaizen Kane'!T26 | R35: ='Kaizen Kane'!U24/'Kaizen Kane'!U26 | S35: ='Kaizen Kane'!V24/'Kaizen Kane'!V26 | V35: ='Kaizen Kane'!Y24/'Kaizen Kane'!Y26 | W35: ='Kaizen Kane'!Z24/'Kaizen Kane'!Z26 | X35: ='Kaizen Kane'!AA24/'Kaizen Kane'!AA26 | Y35: ='Kaizen Kane'!AB24/'Kaizen Kane'!AB26 | Z35: ='Kaizen Kane'!AC24/'Kaizen Kane'!AC26 | AA35: ='Kaizen Kane'!AD24/'Kaizen Kane'!AD26 | AB35: ='Kaizen Kane'!AE24/'Kaizen Kane'!AE26
A36: Kayla Raymond | D36: ='Kayla Raymond'!G24/'Kayla Raymond'!G26 | E36: ='Kayla Raymond'!H24/'Kayla Raymond'!H26 | F36: ='Kayla Raymond'!I24/'Kayla Raymond'!I26 | H36: ='Kayla Raymond'!K24/'Kayla Raymond'!K26 | I36: ='Kayla Raymond'!L24/'Kayla Raymond'!L26 | J36: ='Kayla Raymond'!M24/'Kayla Raymond'!M26 | K36: ='Kayla Raymond'!N24/'Kayla Raymond'!N26 | L36: ='Kayla Raymond'!O24/'Kayla Raymond'!O26 | O36: ='Kayla Raymond'!R24/'Kayla Raymond'!R26 | Q36: ='Kayla Raymond'!T24/'Kayla Raymond'!T26 | R36: ='Kayla Raymond'!U24/'Kayla Raymond'!U26 | V36: ='Kayla Raymond'!Y24/'Kayla Raymond'!Y26 | W36: ='Kayla Raymond'!Z24/'Kayla Raymond'!Z26 | X36: ='Kayla Raymond'!AA24/'Kayla Raymond'!AA26 | Y36: ='Kayla Raymond'!AB24/'Kayla Raymond'!AB26 | Z36: ='Kayla Raymond'!AC24/'Kayla Raymond'!AC26 | AB36: ='Kayla Raymond'!AE24/'Kayla Raymond'!AE26
A37: Kendall Astor | B37: ='Kendall Astor'!E24/'Kendall Astor'!E26 | C37: ='Kendall Astor'!F24/'Kendall Astor'!F26 | D37: ='Kendall Astor'!G24/'Kendall Astor'!G26 | E37: ='Kendall Astor'!H24/'Kendall Astor'!H26 | F37: ='Kendall Astor'!I24/'Kendall Astor'!I26 | J37: ='Kendall Astor'!M24/'Kendall Astor'!M26 | K37: ='Kendall Astor'!N24/'Kendall Astor'!N26 | L37: ='Kendall Astor'!O24/'Kendall Astor'!O26 | O37: ='Kendall Astor'!R24/'Kendall Astor'!R26 | P37: ='Kendall Astor'!S24/'Kendall Astor'!S26 | Q37: ='Kendall Astor'!T24/'Kendall Astor'!T26 | R37: ='Kendall Astor'!U24/'Kendall Astor'!U26 | S37: ='Kendall Astor'!V24/'Kendall Astor'!V26 | V37: ='Kendall Astor'!Y24/'Kendall Astor'!Y26 | W37: ='Kendall Astor'!Z24/'Kendall Astor'!Z26 | X37: ='Kendall Astor'!AA24/'Kendall Astor'!AA26 | Y37: ='Kendall Astor'!AB24/'Kendall Astor'!AB26 | Z37: ='Kendall Astor'!AC24/'Kendall Astor'!AC26 | AB37: ='Kendall Astor'!AE24/'Kendall Astor'!AE26
A38: Kevin Kingston | D38: ='Kevin Kingston'!G24/'Kevin Kingston'!G26 | F38: ='Kevin Kingston'!I24/'Kevin Kingston'!I26 | H38: ='Kevin Kingston'!K24/'Kevin Kingston'!K26 | I38: ='Kevin Kingston'!L24/'Kevin Kingston'!L26 | K38: ='Kevin Kingston'!N24/'Kevin Kingston'!N26 | W38: ='Kevin Kingston'!Z24/'Kevin Kingston'!Z26 | X38: ='Kevin Kingston'!AA24/'Kevin Kingston'!AA26 | Y38: ='Kevin Kingston'!AB24/'Kevin Kingston'!AB26 | AB38: ='Kevin Kingston'!AE24/'Kevin Kingston'!AE26
A39: Loyal Reese | B39: ='Loyal Reese'!E24/'Loyal Reese'!E26 | C39: ='Loyal Reese'!F24/'Loyal Reese'!F26 | D39: ='Loyal Reese'!G24/'Loyal Reese'!G26 | E39: ='Loyal Reese'!H24/'Loyal Reese'!H26 | F39: ='Loyal Reese'!I24/'Loyal Reese'!I26 | H39: ='Loyal Reese'!K24/'Loyal Reese'!K26 | I39: ='Loyal Reese'!L24/'Loyal Reese'!L26 | J39: ='Loyal Reese'!M24/'Loyal Reese'!M26 | K39: ='Loyal Reese'!N24/'Loyal Reese'!N26 | L39: ='Loyal Reese'!O24/'Loyal Reese'!O26 | Q39: ='Loyal Reese'!T24/'Loyal Reese'!T26 | R39: ='Loyal Reese'!U24/'Loyal Reese'!U26 | S39: ='Loyal Reese'!V24/'Loyal Reese'!V26 | T39: ='Loyal Reese'!W24/'Loyal Reese'!W26 | U39: ='Loyal Reese'!X24/'Loyal Reese'!X26 | V39: ='Loyal Reese'!Y24/'Loyal Reese'!Y26 | W39: ='Loyal Reese'!Z24/'Loyal Reese'!Z26 | X39: ='Loyal Reese'!AA24/'Loyal Reese'!AA26 | ... AB39: ='Loyal Reese'!AE24/'Loyal Reese'!AE26
A40: Lyla Silvester | B40: ='Lyla Silvester'!E24/'Lyla Silvester'!E26 | C40: ='Lyla Silvester'!F24/'Lyla Silvester'!F26 | D40: ='Lyla Silvester'!G24/'Lyla Silvester'!G26 | E40: ='Lyla Silvester'!H24/'Lyla Silvester'!H26 | F40: ='Lyla Silvester'!I24/'Lyla Silvester'!I26 | H40: ='Lyla Silvester'!K24/'Lyla Silvester'!K26 | I40: ='Lyla Silvester'!L24/'Lyla Silvester'!L26 | J40: ='Lyla Silvester'!M24/'Lyla Silvester'!M26 | K40: ='Lyla Silvester'!N24/'Lyla Silvester'!N26 | L40: ='Lyla Silvester'!O24/'Lyla Silvester'!O26 | N40: ='Lyla Silvester'!Q24/'Lyla Silvester'!Q26 | O40: ='Lyla Silvester'!R24/'Lyla Silvester'!R26 | P40: ='Lyla Silvester'!S24/'Lyla Silvester'!S26 | Q40: ='Lyla Silvester'!T24/'Lyla Silvester'!T26 | R40: ='Lyla Silvester'!U24/'Lyla Silvester'!U26 | S40: ='Lyla Silvester'!V24/'Lyla Silvester'!V26 | T40: ='Lyla Silvester'!W24/'Lyla Silvester'!W26 | V40: ='Lyla Silvester'!Y24/'Lyla Silvester'!Y26 | W40: ='Lyla Silvester'!Z24/'Lyla Silvester'!Z26 | X40: ='Lyla Silvester'!AA24/'Lyla Silvester'!AA26 | Y40: ='Lyla Silvester'!AB24/'Lyla Silvester'!AB26 | Z40: ='Lyla Silvester'!AC24/'Lyla Silvester'!AC26 | AB40: ='Lyla Silvester'!AE24/'Lyla Silvester'!AE26
A41: Mackenzie Hayes | B41: ='Mackenzie Hayes'!E24/'Mackenzie Hayes'!E26 | D41: ='Mackenzie Hayes'!G24/'Mackenzie Hayes'!G26 | H41: ='Mackenzie Hayes'!K24/'Mackenzie Hayes'!K26 | I41: ='Mackenzie Hayes'!L24/'Mackenzie Hayes'!L26 | K41: ='Mackenzie Hayes'!N24/'Mackenzie Hayes'!N26 | L41: ='Mackenzie Hayes'!O24/'Mackenzie Hayes'!O26 | Q41: ='Mackenzie Hayes'!T24/'Mackenzie Hayes'!T26 | R41: ='Mackenzie Hayes'!U24/'Mackenzie Hayes'!U26 | S41: ='Mackenzie Hayes'!V24/'Mackenzie Hayes'!V26 | V41: ='Mackenzie Hayes'!Y24/'Mackenzie Hayes'!Y26 | W41: ='Mackenzie Hayes'!Z24/'Mackenzie Hayes'!Z26 | X41: ='Mackenzie Hayes'!AA24/'Mackenzie Hayes'!AA26 | Y41: ='Mackenzie Hayes'!AB24/'Mackenzie Hayes'!AB26 | AB41: ='Mackenzie Hayes'!AE24/'Mackenzie Hayes'!AE26
A42: Madden Carter | B42: ='Madden Carter'!E24/'Madden Carter'!E26 | C42: ='Madden Carter'!F24/'Madden Carter'!F26 | D42: ='Madden Carter'!G24/'Madden Carter'!G26 | E42: ='Madden Carter'!H24/'Madden Carter'!H26 | I42: ='Madden Carter'!L24/'Madden Carter'!L26 | J42: ='Madden Carter'!M24/'Madden Carter'!M26 | K42: ='Madden Carter'!N24/'Madden Carter'!N26 | L42: ='Madden Carter'!O24/'Madden Carter'!O26 | N42: ='Madden Carter'!Q24/'Madden Carter'!Q26 | O42: ='Madden Carter'!R24/'Madden Carter'!R26 | P42: ='Madden Carter'!S24/'Madden Carter'!S26 | S42: ='Madden Carter'!V24/'Madden Carter'!V26 | T42: ='Madden Carter'!W24/'Madden Carter'!W26 | U42: ='Madden Carter'!X24/'Madden Carter'!X26 | V42: ='Madden Carter'!Y24/'Madden Carter'!Y26 | W42: ='Madden Carter'!Z24/'Madden Carter'!Z26 | X42: ='Madden Carter'!AA24/'Madden Carter'!AA26 | Y42: ='Madden Carter'!AB24/'Madden Carter'!AB26 | Z42: ='Madden Carter'!AC24/'Madden Carter'!AC26 | ... AB42: ='Madden Carter'!AE24/'Madden Carter'!AE26
A43: Madelyn Blake | B43: ='Madelyn Blake'!E24/'Madelyn Blake'!E26 | C43: ='Madelyn Blake'!F24/'Madelyn Blake'!F26 | D43: ='Madelyn Blake'!G24/'Madelyn Blake'!G26 | E43: ='Madelyn Blake'!H24/'Madelyn Blake'!H26 | F43: ='Madelyn Blake'!I24/'Madelyn Blake'!I26 | H43: ='Madelyn Blake'!K24/'Madelyn Blake'!K26 | I43: ='Madelyn Blake'!L24/'Madelyn Blake'!L26 | J43: ='Madelyn Blake'!M24/'Madelyn Blake'!M26 | K43: ='Madelyn Blake'!N24/'Madelyn Blake'!N26 | L43: ='Madelyn Blake'!O24/'Madelyn Blake'!O26 | O43: ='Madelyn Blake'!R24/'Madelyn Blake'!R26 | P43: ='Madelyn Blake'!S24/'Madelyn Blake'!S26 | R43: ='Madelyn Blake'!U24/'Madelyn Blake'!U26 | S43: ='Madelyn Blake'!V24/'Madelyn Blake'!V26 | U43: ='Madelyn Blake'!X24/'Madelyn Blake'!X26 | V43: ='Madelyn Blake'!Y24/'Madelyn Blake'!Y26 | W43: ='Madelyn Blake'!Z24/'Madelyn Blake'!Z26 | X43: ='Madelyn Blake'!AA24/'Madelyn Blake'!AA26 | Y43: ='Madelyn Blake'!AB24/'Madelyn Blake'!AB26 | Z43: ='Madelyn Blake'!AC24/'Madelyn Blake'!AC26 | AB43: ='Madelyn Blake'!AE24/'Madelyn Blake'!AE26
A44: Marcus Kameron | B44: ='Marcus Kameron'!E24/'Marcus Kameron'!E26 | C44: ='Marcus Kameron'!F24/'Marcus Kameron'!F26 | D44: ='Marcus Kameron'!G24/'Marcus Kameron'!G26 | E44: ='Marcus Kameron'!H24/'Marcus Kameron'!H26 | F44: ='Marcus Kameron'!I24/'Marcus Kameron'!I26 | H44: ='Marcus Kameron'!K24/'Marcus Kameron'!K26 | I44: ='Marcus Kameron'!L24/'Marcus Kameron'!L26 | J44: ='Marcus Kameron'!M24/'Marcus Kameron'!M26 | K44: ='Marcus Kameron'!N24/'Marcus Kameron'!N26 | L44: ='Marcus Kameron'!O24/'Marcus Kameron'!O26 | O44: ='Marcus Kameron'!R24/'Marcus Kameron'!R26 | P44: ='Marcus Kameron'!S24/'Marcus Kameron'!S26 | Q44: ='Marcus Kameron'!T24/'Marcus Kameron'!T26 | R44: ='Marcus Kameron'!U24/'Marcus Kameron'!U26 | X44: ='Marcus Kameron'!AA24/'Marcus Kameron'!AA26 | Y44: ='Marcus Kameron'!AB24/'Marcus Kameron'!AB26 | Z44: ='Marcus Kameron'!AC24/'Marcus Kameron'!AC26 | AB44: ='Marcus Kameron'!AE24/'Marcus Kameron'!AE26
A45: Mark Alvise | B45: ='Mark Alvise'!E24/'Mark Alvise'!E26 | C45: ='Mark Alvise'!F24/'Mark Alvise'!F26 | D45: ='Mark Alvise'!G24/'Mark Alvise'!G26 | E45: ='Mark Alvise'!H24/'Mark Alvise'!H26 | F45: ='Mark Alvise'!I24/'Mark Alvise'!I26 | G45: ='Mark Alvise'!J24/'Mark Alvise'!J26 | H45: ='Mark Alvise'!K24/'Mark Alvise'!K26 | I45: ='Mark Alvise'!L24/'Mark Alvise'!L26 | ... R45: ='Mark Alvise'!U24/'Mark Alvise'!U26 | W45: ='Mark Alvise'!Z24/'Mark Alvise'!Z26 | X45: ='Mark Alvise'!AA24/'Mark Alvise'!AA26 | Y45: ='Mark Alvise'!AB24/'Mark Alvise'!AB26 | AA45: ='Mark Alvise'!AD24/'Mark Alvise'!AD26 | AB45: ='Mark Alvise'!AE24/'Mark Alvise'!AE26
A46: Mason Klein | Y46: ='Mason Klein'!AB24/'Mason Klein'!AB26 | AB46: ='Mason Klein'!AE24/'Mason Klein'!AE26
A47: Maxx Todd | C47: ='Maxx Todd'!F24/'Maxx Todd'!F26 | D47: ='Maxx Todd'!G24/'Maxx Todd'!G26 | I47: ='Maxx Todd'!L24/'Maxx Todd'!L26 | J47: ='Maxx Todd'!M24/'Maxx Todd'!M26 | K47: ='Maxx Todd'!N24/'Maxx Todd'!N26 | O47: ='Maxx Todd'!R24/'Maxx Todd'!R26 | P47: ='Maxx Todd'!S24/'Maxx Todd'!S26 | Q47: ='Maxx Todd'!T24/'Maxx Todd'!T26 | R47: ='Maxx Todd'!U24/'Maxx Todd'!U26 | S47: ='Maxx Todd'!V24/'Maxx Todd'!V26 | X47: ='Maxx Todd'!AA24/'Maxx Todd'!AA26 | Y47: ='Maxx Todd'!AB24/'Maxx Todd'!AB26 | Z47: ='Maxx Todd'!AC24/'Maxx Todd'!AC26 | AB47: ='Maxx Todd'!AE24/'Maxx Todd'!AE26
A48: Melissa Kameron | C48: ='Melissa Kameron'!F24/'Melissa Kameron'!F26 | D48: ='Melissa Kameron'!G24/'Melissa Kameron'!G26 | H48: ='Melissa Kameron'!K24/'Melissa Kameron'!K26 | I48: ='Melissa Kameron'!L24/'Melissa Kameron'!L26 | J48: ='Melissa Kameron'!M24/'Melissa Kameron'!M26 | K48: ='Melissa Kameron'!N24/'Melissa Kameron'!N26 | L48: ='Melissa Kameron'!O24/'Melissa Kameron'!O26 | P48: ='Melissa Kameron'!S24/'Melissa Kameron'!S26 | Q48: ='Melissa Kameron'!T24/'Melissa Kameron'!T26 | R48: ='Melissa Kameron'!U24/'Melissa Kameron'!U26 | S48: ='Melissa Kameron'!V24/'Melissa Kameron'!V26 | V48: ='Melissa Kameron'!Y24/'Melissa Kameron'!Y26 | W48: ='Melissa Kameron'!Z24/'Melissa Kameron'!Z26 | Y48: ='Melissa Kameron'!AB24/'Melissa Kameron'!AB26 | Z48: ='Melissa Kameron'!AC24/'Melissa Kameron'!AC26 | AB48: ='Melissa Kameron'!AE24/'Melissa Kameron'!AE26
A49: Monica Margot | B49: ='Monica Margot'!E24/'Monica Margot'!E26 | C49: ='Monica Margot'!F24/'Monica Margot'!F26 | D49: ='Monica Margot'!G24/'Monica Margot'!G26 | E49: ='Monica Margot'!H24/'Monica Margot'!H26 | F49: ='Monica Margot'!I24/'Monica Margot'!I26 | H49: ='Monica Margot'!K24/'Monica Margot'!K26 | I49: ='Monica Margot'!L24/'Monica Margot'!L26 | J49: ='Monica Margot'!M24/'Monica Margot'!M26 | K49: ='Monica Margot'!N24/'Monica Margot'!N26 | L49: ='Monica Margot'!O24/'Monica Margot'!O26 | O49: ='Monica Margot'!R24/'Monica Margot'!R26 | P49: ='Monica Margot'!S24/'Monica Margot'!S26 | Q49: ='Monica Margot'!T24/'Monica Margot'!T26 | R49: ='Monica Margot'!U24/'Monica Margot'!U26 | S49: ='Monica Margot'!V24/'Monica Margot'!V26 | T49: ='Monica Margot'!W24/'Monica Margot'!W26 | U49: ='Monica Margot'!X24/'Monica Margot'!X26 | V49: ='Monica Margot'!Y24/'Monica Margot'!Y26 | ... Z49: ='Monica Margot'!AC24/'Monica Margot'!AC26 | AB49: ='Monica Margot'!AE24/'Monica Margot'!AE26
A50: Morgan Robinson | B50: ='Morgan Robinson'!E24/'Morgan Robinson'!E26 | C50: ='Morgan Robinson'!F24/'Morgan Robinson'!F26 | D50: ='Morgan Robinson'!G24/'Morgan Robinson'!G26 | E50: ='Morgan Robinson'!H24/'Morgan Robinson'!H26 | F50: ='Morgan Robinson'!I24/'Morgan Robinson'!I26 | I50: ='Morgan Robinson'!L24/'Morgan Robinson'!L26 | J50: ='Morgan Robinson'!M24/'Morgan Robinson'!M26 | L50: ='Morgan Robinson'!O24/'Morgan Robinson'!O26 | O50: ='Morgan Robinson'!R24/'Morgan Robinson'!R26 | P50: ='Morgan Robinson'!S24/'Morgan Robinson'!S26 | Q50: ='Morgan Robinson'!T24/'Morgan Robinson'!T26 | S50: ='Morgan Robinson'!V24/'Morgan Robinson'!V26 | V50: ='Morgan Robinson'!Y24/'Morgan Robinson'!Y26 | W50: ='Morgan Robinson'!Z24/'Morgan Robinson'!Z26 | X50: ='Morgan Robinson'!AA24/'Morgan Robinson'!AA26 | Y50: ='Morgan Robinson'!AB24/'Morgan Robinson'!AB26 | Z50: ='Morgan Robinson'!AC24/'Morgan Robinson'!AC26 | AB50: ='Morgan Robinson'!AE24/'Morgan Robinson'!AE26
A51: Natalie Nira | B51: ='Natalie Nira'!E24/'Natalie Nira'!E26 | C51: ='Natalie Nira'!F24/'Natalie Nira'!F26 | D51: ='Natalie Nira'!G24/'Natalie Nira'!G26 | E51: ='Natalie Nira'!H24/'Natalie Nira'!H26 | F51: ='Natalie Nira'!I24/'Natalie Nira'!I26 | H51: ='Natalie Nira'!K24/'Natalie Nira'!K26 | I51: ='Natalie Nira'!L24/'Natalie Nira'!L26 | J51: ='Natalie Nira'!M24/'Natalie Nira'!M26 | K51: ='Natalie Nira'!N24/'Natalie Nira'!N26 | L51: ='Natalie Nira'!O24/'Natalie Nira'!O26 | P51: ='Natalie Nira'!S24/'Natalie Nira'!S26 | Q51: ='Natalie Nira'!T24/'Natalie Nira'!T26 | R51: ='Natalie Nira'!U24/'Natalie Nira'!U26 | S51: ='Natalie Nira'!V24/'Natalie Nira'!V26 | T51: ='Natalie Nira'!W24/'Natalie Nira'!W26 | U51: ='Natalie Nira'!X24/'Natalie Nira'!X26 | V51: ='Natalie Nira'!Y24/'Natalie Nira'!Y26 | W51: ='Natalie Nira'!Z24/'Natalie Nira'!Z26 | ... Z51: ='Natalie Nira'!AC24/'Natalie Nira'!AC26 | AB51: ='Natalie Nira'!AE24/'Natalie Nira'!AE26
A52: Nicole Armstrong | P52: ='Nicole Armstrong'!S24/'Nicole Armstrong'!S26 | V52: ='Nicole Armstrong'!Y24/'Nicole Armstrong'!Y26 | W52: ='Nicole Armstrong'!Z24/'Nicole Armstrong'!Z26 | Y52: ='Nicole Armstrong'!AB24/'Nicole Armstrong'!AB26 | AB52: ='Nicole Armstrong'!AE24/'Nicole Armstrong'!AE26
A53: Nikita Cameron | B53: ='Nikita Cameron'!E24/'Nikita Cameron'!E26 | H53: ='Nikita Cameron'!K24/'Nikita Cameron'!K26 | I53: ='Nikita Cameron'!L24/'Nikita Cameron'!L26 | J53: ='Nikita Cameron'!M24/'Nikita Cameron'!M26 | K53: ='Nikita Cameron'!N24/'Nikita Cameron'!N26 | L53: ='Nikita Cameron'!O24/'Nikita Cameron'!O26 | M53: ='Nikita Cameron'!P24/'Nikita Cameron'!P26 | N53: ='Nikita Cameron'!Q24/'Nikita Cameron'!Q26 | O53: ='Nikita Cameron'!R24/'Nikita Cameron'!R26 | ... W53: ='Nikita Cameron'!Z24/'Nikita Cameron'!Z26 | Y53: ='Nikita Cameron'!AB24/'Nikita Cameron'!AB26 | Z53: ='Nikita Cameron'!AC24/'Nikita Cameron'!AC26 | AA53: ='Nikita Cameron'!AD24/'Nikita Cameron'!AD26 | AB53: ='Nikita Cameron'!AE24/'Nikita Cameron'!AE26
A54: Nikolas Brooks | B54: ='Nikolas Brooks'!E24/'Nikolas Brooks'!E26 | C54: ='Nikolas Brooks'!F24/'Nikolas Brooks'!F26 | D54: ='Nikolas Brooks'!G24/'Nikolas Brooks'!G26 | E54: ='Nikolas Brooks'!H24/'Nikolas Brooks'!H26 | F54: ='Nikolas Brooks'!I24/'Nikolas Brooks'!I26 | H54: ='Nikolas Brooks'!K24/'Nikolas Brooks'!K26 | I54: ='Nikolas Brooks'!L24/'Nikolas Brooks'!L26 | J54: ='Nikolas Brooks'!M24/'Nikolas Brooks'!M26 | K54: ='Nikolas Brooks'!N24/'Nikolas Brooks'!N26 | M54: ='Nikolas Brooks'!P24/'Nikolas Brooks'!P26 | N54: ='Nikolas Brooks'!Q24/'Nikolas Brooks'!Q26 | O54: ='Nikolas Brooks'!R24/'Nikolas Brooks'!R26 | P54: ='Nikolas Brooks'!S24/'Nikolas Brooks'!S26 | Q54: ='Nikolas Brooks'!T24/'Nikolas Brooks'!T26 | R54: ='Nikolas Brooks'!U24/'Nikolas Brooks'!U26 | S54: ='Nikolas Brooks'!V24/'Nikolas Brooks'!V26 | T54: ='Nikolas Brooks'!W24/'Nikolas Brooks'!W26 | ... AB54: ='Nikolas Brooks'!AE24/'Nikolas Brooks'!AE26
A55: Nolan Karter | C55: ='Nolan Karter'!F24/'Nolan Karter'!F26 | D55: ='Nolan Karter'!G24/'Nolan Karter'!G26 | E55: ='Nolan Karter'!H24/'Nolan Karter'!H26 | H55: ='Nolan Karter'!K24/'Nolan Karter'!K26 | I55: ='Nolan Karter'!L24/'Nolan Karter'!L26 | J55: ='Nolan Karter'!M24/'Nolan Karter'!M26 | L55: ='Nolan Karter'!O24/'Nolan Karter'!O26 | O55: ='Nolan Karter'!R24/'Nolan Karter'!R26 | P55: ='Nolan Karter'!S24/'Nolan Karter'!S26 | Q55: ='Nolan Karter'!T24/'Nolan Karter'!T26 | R55: ='Nolan Karter'!U24/'Nolan Karter'!U26 | V55: ='Nolan Karter'!Y24/'Nolan Karter'!Y26 | W55: ='Nolan Karter'!Z24/'Nolan Karter'!Z26 | X55: ='Nolan Karter'!AA24/'Nolan Karter'!AA26 | Y55: ='Nolan Karter'!AB24/'Nolan Karter'!AB26 | Z55: ='Nolan Karter'!AC24/'Nolan Karter'!AC26 | AB55: ='Nolan Karter'!AE24/'Nolan Karter'!AE26
A56: Norman Vinny | B56: ='Norman Vinny'!E24/'Norman Vinny'!E26 | C56: ='Norman Vinny'!F24/'Norman Vinny'!F26 | D56: ='Norman Vinny'!G24/'Norman Vinny'!G26 | E56: ='Norman Vinny'!H24/'Norman Vinny'!H26 | F56: ='Norman Vinny'!I24/'Norman Vinny'!I26 | H56: ='Norman Vinny'!K24/'Norman Vinny'!K26 | I56: ='Norman Vinny'!L24/'Norman Vinny'!L26 | J56: ='Norman Vinny'!M24/'Norman Vinny'!M26 | K56: ='Norman Vinny'!N24/'Norman Vinny'!N26 | L56: ='Norman Vinny'!O24/'Norman Vinny'!O26 | O56: ='Norman Vinny'!R24/'Norman Vinny'!R26 | P56: ='Norman Vinny'!S24/'Norman Vinny'!S26 | Q56: ='Norman Vinny'!T24/'Norman Vinny'!T26 | R56: ='Norman Vinny'!U24/'Norman Vinny'!U26 | S56: ='Norman Vinny'!V24/'Norman Vinny'!V26 | AB56: ='Norman Vinny'!AE24/'Norman Vinny'!AE26
A57: Perry Alice | B57: ='Perry Alice'!E24/'Perry Alice'!E26 | C57: ='Perry Alice'!F24/'Perry Alice'!F26 | D57: ='Perry Alice'!G24/'Perry Alice'!G26 | E57: ='Perry Alice'!H24/'Perry Alice'!H26 | F57: ='Perry Alice'!I24/'Perry Alice'!I26 | H57: ='Perry Alice'!K24/'Perry Alice'!K26 | I57: ='Perry Alice'!L24/'Perry Alice'!L26 | J57: ='Perry Alice'!M24/'Perry Alice'!M26 | K57: ='Perry Alice'!N24/'Perry Alice'!N26 | L57: ='Perry Alice'!O24/'Perry Alice'!O26 | Q57: ='Perry Alice'!T24/'Perry Alice'!T26 | R57: ='Perry Alice'!U24/'Perry Alice'!U26 | S57: ='Perry Alice'!V24/'Perry Alice'!V26 | T57: ='Perry Alice'!W24/'Perry Alice'!W26 | U57: ='Perry Alice'!X24/'Perry Alice'!X26 | V57: ='Perry Alice'!Y24/'Perry Alice'!Y26 | W57: ='Perry Alice'!Z24/'Perry Alice'!Z26 | X57: ='Perry Alice'!AA24/'Perry Alice'!AA26 | ... Z57: ='Perry Alice'!AC24/'Perry Alice'!AC26 | AB57: ='Perry Alice'!AE24/'Perry Alice'!AE26
A58: Philip Ivan | C58: ='Philip Ivan'!F24/'Philip Ivan'!F26 | H58: ='Philip Ivan'!K24/'Philip Ivan'!K26 | I58: ='Philip Ivan'!L24/'Philip Ivan'!L26 | J58: ='Philip Ivan'!M24/'Philip Ivan'!M26 | O58: ='Philip Ivan'!R24/'Philip Ivan'!R26 | P58: ='Philip Ivan'!S24/'Philip Ivan'!S26 | Q58: ='Philip Ivan'!T24/'Philip Ivan'!T26 | U58: ='Philip Ivan'!X24/'Philip Ivan'!X26 | V58: ='Philip Ivan'!Y24/'Philip Ivan'!Y26 | W58: ='Philip Ivan'!Z24/'Philip Ivan'!Z26 | X58: ='Philip Ivan'!AA24/'Philip Ivan'!AA26 | AB58: ='Philip Ivan'!AE24/'Philip Ivan'!AE26
A59: Pollock Godson | C59: ='Pollock Godson'!F24/'Pollock Godson'!F26 | D59: ='Pollock Godson'!G24/'Pollock Godson'!G26 | E59: ='Pollock Godson'!H24/'Pollock Godson'!H26 | F59: ='Pollock Godson'!I24/'Pollock Godson'!I26 | H59: ='Pollock Godson'!K24/'Pollock Godson'!K26 | I59: ='Pollock Godson'!L24/'Pollock Godson'!L26 | J59: ='Pollock Godson'!M24/'Pollock Godson'!M26 | K59: ='Pollock Godson'!N24/'Pollock Godson'!N26 | O59: ='Pollock Godson'!R24/'Pollock Godson'!R26 | X59: ='Pollock Godson'!AA24/'Pollock Godson'!AA26 | Y59: ='Pollock Godson'!AB24/'Pollock Godson'!AB26 | Z59: ='Pollock Godson'!AC24/'Pollock Godson'!AC26 | AB59: ='Pollock Godson'!AE24/'Pollock Godson'!AE26
A60: Preston Myles | B60: ='Preston Myles'!E24/'Preston Myles'!E26 | C60: ='Preston Myles'!F24/'Preston Myles'!F26 | D60: ='Preston Myles'!G24/'Preston Myles'!G26 | E60: ='Preston Myles'!H24/'Preston Myles'!H26 | F60: ='Preston Myles'!I24/'Preston Myles'!I26 | H60: ='Preston Myles'!K24/'Preston Myles'!K26 | I60: ='Preston Myles'!L24/'Preston Myles'!L26 | J60: ='Preston Myles'!M24/'Preston Myles'!M26 | K60: ='Preston Myles'!N24/'Preston Myles'!N26 | L60: ='Preston Myles'!O24/'Preston Myles'!O26 | O60: ='Preston Myles'!R24/'Preston Myles'!R26 | P60: ='Preston Myles'!S24/'Preston Myles'!S26 | Q60: ='Preston Myles'!T24/'Preston Myles'!T26 | R60: ='Preston Myles'!U24/'Preston Myles'!U26 | S60: ='Preston Myles'!V24/'Preston Myles'!V26 | V60: ='Preston Myles'!Y24/'Preston Myles'!Y26 | W60: ='Preston Myles'!Z24/'Preston Myles'!Z26 | X60: ='Preston Myles'!AA24/'Preston Myles'!AA26 | Y60: ='Preston Myles'!AB24/'Preston Myles'!AB26 | Z60: ='Preston Myles'!AC24/'Preston Myles'!AC26 | AB60: ='Preston Myles'!AE24/'Preston Myles'!AE26
A61: Ralph Daniel | B61: ='Ralph Daniel'!E24/'Ralph Daniel'!E26 | C61: ='Ralph Daniel'!F24/'Ralph Daniel'!F26 | D61: ='Ralph Daniel'!G24/'Ralph Daniel'!G26 | E61: ='Ralph Daniel'!H24/'Ralph Daniel'!H26 | F61: ='Ralph Daniel'!I24/'Ralph Daniel'!I26 | H61: ='Ralph Daniel'!K24/'Ralph Daniel'!K26 | I61: ='Ralph Daniel'!L24/'Ralph Daniel'!L26 | J61: ='Ralph Daniel'!M24/'Ralph Daniel'!M26 | K61: ='Ralph Daniel'!N24/'Ralph Daniel'!N26 | L61: ='Ralph Daniel'!O24/'Ralph Daniel'!O26 | O61: ='Ralph Daniel'!R24/'Ralph Daniel'!R26 | P61: ='Ralph Daniel'!S24/'Ralph Daniel'!S26 | Q61: ='Ralph Daniel'!T24/'Ralph Daniel'!T26 | R61: ='Ralph Daniel'!U24/'Ralph Daniel'!U26 | S61: ='Ralph Daniel'!V24/'Ralph Daniel'!V26 | V61: ='Ralph Daniel'!Y24/'Ralph Daniel'!Y26 | W61: ='Ralph Daniel'!Z24/'Ralph Daniel'!Z26 | X61: ='Ralph Daniel'!AA24/'Ralph Daniel'!AA26 | Y61: ='Ralph Daniel'!AB24/'Ralph Daniel'!AB26 | Z61: ='Ralph Daniel'!AC24/'Ralph Daniel'!AC26 | AB61: ='Ralph Daniel'!AE24/'Ralph Daniel'!AE26
A62: Ranger Garrett | B62: ='Ranger Garrett'!E24/'Ranger Garrett'!E26 | C62: ='Ranger Garrett'!F24/'Ranger Garrett'!F26 | F62: ='Ranger Garrett'!I24/'Ranger Garrett'!I26 | G62: ='Ranger Garrett'!J24/'Ranger Garrett'!J26 | H62: ='Ranger Garrett'!K24/'Ranger Garrett'!K26 | I62: ='Ranger Garrett'!L24/'Ranger Garrett'!L26 | J62: ='Ranger Garrett'!M24/'Ranger Garrett'!M26 | K62: ='Ranger Garrett'!N24/'Ranger Garrett'!N26 | L62: ='Ranger Garrett'!O24/'Ranger Garrett'!O26 | M62: ='Ranger Garrett'!P24/'Ranger Garrett'!P26 | ... T62: ='Ranger Garrett'!W24/'Ranger Garrett'!W26 | V62: ='Ranger Garrett'!Y24/'Ranger Garrett'!Y26 | W62: ='Ranger Garrett'!Z24/'Ranger Garrett'!Z26 | X62: ='Ranger Garrett'!AA24/'Ranger Garrett'!AA26 | Y62: ='Ranger Garrett'!AB24/'Ranger Garrett'!AB26 | Z62: ='Ranger Garrett'!AC24/'Ranger Garrett'!AC26 | AA62: ='Ranger Garrett'!AD24/'Ranger Garrett'!AD26 | AB62: ='Ranger Garrett'!AE24/'Ranger Garrett'!AE26
A63: Raymond Saint | B63: ='Raymond Saint'!E24/'Raymond Saint'!E26 | C63: ='Raymond Saint'!F24/'Raymond Saint'!F26 | H63: ='Raymond Saint'!K24/'Raymond Saint'!K26 | I63: ='Raymond Saint'!L24/'Raymond Saint'!L26 | J63: ='Raymond Saint'!M24/'Raymond Saint'!M26 | K63: ='Raymond Saint'!N24/'Raymond Saint'!N26 | O63: ='Raymond Saint'!R24/'Raymond Saint'!R26 | R63: ='Raymond Saint'!U24/'Raymond Saint'!U26 | V63: ='Raymond Saint'!Y24/'Raymond Saint'!Y26 | W63: ='Raymond Saint'!Z24/'Raymond Saint'!Z26 | X63: ='Raymond Saint'!AA24/'Raymond Saint'!AA26 | Y63: ='Raymond Saint'!AB24/'Raymond Saint'!AB26 | Z63: ='Raymond Saint'!AC24/'Raymond Saint'!AC26 | AB63: ='Raymond Saint'!AE24/'Raymond Saint'!AE26
A64: Richard Adams | B64: ='Richard Adams'!E24/'Richard Adams'!E26 | D64: ='Richard Adams'!G24/'Richard Adams'!G26 | H64: ='Richard Adams'!K24/'Richard Adams'!K26 | I64: ='Richard Adams'!L24/'Richard Adams'!L26 | J64: ='Richard Adams'!M24/'Richard Adams'!M26 | K64: ='Richard Adams'!N24/'Richard Adams'!N26 | L64: ='Richard Adams'!O24/'Richard Adams'!O26 | M64: ='Richard Adams'!P24/'Richard Adams'!P26 | O64: ='Richard Adams'!R24/'Richard Adams'!R26 | P64: ='Richard Adams'!S24/'Richard Adams'!S26 | Q64: ='Richard Adams'!T24/'Richard Adams'!T26 | R64: ='Richard Adams'!U24/'Richard Adams'!U26 | S64: ='Richard Adams'!V24/'Richard Adams'!V26 | T64: ='Richard Adams'!W24/'Richard Adams'!W26 | V64: ='Richard Adams'!Y24/'Richard Adams'!Y26 | W64: ='Richard Adams'!Z24/'Richard Adams'!Z26 | X64: ='Richard Adams'!AA24/'Richard Adams'!AA26 | Y64: ='Richard Adams'!AB24/'Richard Adams'!AB26 | Z64: ='Richard Adams'!AC24/'Richard Adams'!AC26 | AA64: ='Richard Adams'!AD24/'Richard Adams'!AD26 | AB64: ='Richard Adams'!AE24/'Richard Adams'!AE26
A65: Rico Taylor | B65: ='Rico Taylor'!E24/'Rico Taylor'!E26 | C65: ='Rico Taylor'!F24/'Rico Taylor'!F26 | D65: ='Rico Taylor'!G24/'Rico Taylor'!G26 | E65: ='Rico Taylor'!H24/'Rico Taylor'!H26 | F65: ='Rico Taylor'!I24/'Rico Taylor'!I26 | H65: ='Rico Taylor'!K24/'Rico Taylor'!K26 | J65: ='Rico Taylor'!M24/'Rico Taylor'!M26 | K65: ='Rico Taylor'!N24/'Rico Taylor'!N26 | L65: ='Rico Taylor'!O24/'Rico Taylor'!O26 | O65: ='Rico Taylor'!R24/'Rico Taylor'!R26 | P65: ='Rico Taylor'!S24/'Rico Taylor'!S26 | Q65: ='Rico Taylor'!T24/'Rico Taylor'!T26 | S65: ='Rico Taylor'!V24/'Rico Taylor'!V26 | V65: ='Rico Taylor'!Y24/'Rico Taylor'!Y26 | W65: ='Rico Taylor'!Z24/'Rico Taylor'!Z26 | X65: ='Rico Taylor'!AA24/'Rico Taylor'!AA26 | Y65: ='Rico Taylor'!AB24/'Rico Taylor'!AB26 | Z65: ='Rico Taylor'!AC24/'Rico Taylor'!AC26 | AB65: ='Rico Taylor'!AE24/'Rico Taylor'!AE26
A66: Roman Norris | B66: ='Roman Norris'!E24/'Roman Norris'!E26 | C66: ='Roman Norris'!F24/'Roman Norris'!F26 | D66: ='Roman Norris'!G24/'Roman Norris'!G26 | F66: ='Roman Norris'!I24/'Roman Norris'!I26 | H66: ='Roman Norris'!K24/'Roman Norris'!K26 | I66: ='Roman Norris'!L24/'Roman Norris'!L26 | J66: ='Roman Norris'!M24/'Roman Norris'!M26 | K66: ='Roman Norris'!N24/'Roman Norris'!N26 | L66: ='Roman Norris'!O24/'Roman Norris'!O26 | N66: ='Roman Norris'!Q24/'Roman Norris'!Q26 | O66: ='Roman Norris'!R24/'Roman Norris'!R26 | P66: ='Roman Norris'!S24/'Roman Norris'!S26 | Q66: ='Roman Norris'!T24/'Roman Norris'!T26 | R66: ='Roman Norris'!U24/'Roman Norris'!U26 | S66: ='Roman Norris'!V24/'Roman Norris'!V26 | T66: ='Roman Norris'!W24/'Roman Norris'!W26 | U66: ='Roman Norris'!X24/'Roman Norris'!X26 | V66: ='Roman Norris'!Y24/'Roman Norris'!Y26 | X66: ='Roman Norris'!AA24/'Roman Norris'!AA26 | Y66: ='Roman Norris'!AB24/'Roman Norris'!AB26 | Z66: ='Roman Norris'!AC24/'Roman Norris'!AC26 | AA66: ='Roman Norris'!AD24/'Roman Norris'!AD26 | AB66: ='Roman Norris'!AE24/'Roman Norris'!AE26
A67: Ronald Willis | B67: ='Ronald Willis'!E24/'Ronald Willis'!E26 | C67: ='Ronald Willis'!F24/'Ronald Willis'!F26 | D67: ='Ronald Willis'!G24/'Ronald Willis'!G26 | E67: ='Ronald Willis'!H24/'Ronald Willis'!H26 | F67: ='Ronald Willis'!I24/'Ronald Willis'!I26 | H67: ='Ronald Willis'!K24/'Ronald Willis'!K26 | I67: ='Ronald Willis'!L24/'Ronald Willis'!L26 | J67: ='Ronald Willis'!M24/'Ronald Willis'!M26 | K67: ='Ronald Willis'!N24/'Ronald Willis'!N26 | L67: ='Ronald Willis'!O24/'Ronald Willis'!O26 | O67: ='Ronald Willis'!R24/'Ronald Willis'!R26 | P67: ='Ronald Willis'!S24/'Ronald Willis'!S26 | Q67: ='Ronald Willis'!T24/'Ronald Willis'!T26 | R67: ='Ronald Willis'!U24/'Ronald Willis'!U26 | S67: ='Ronald Willis'!V24/'Ronald Willis'!V26 | V67: ='Ronald Willis'!Y24/'Ronald Willis'!Y26 | W67: ='Ronald Willis'!Z24/'Ronald Willis'!Z26 | X67: ='Ronald Willis'!AA24/'Ronald Willis'!AA26 | Y67: ='Ronald Willis'!AB24/'Ronald Willis'!AB26 | Z67: ='Ronald Willis'!AC24/'Ronald Willis'!AC26 | AB67: ='Ronald Willis'!AE24/'Ronald Willis'!AE26
A68: Royce Sergio | C68: ='Royce Sergio'!F24/'Royce Sergio'!F26 | D68: ='Royce Sergio'!G24/'Royce Sergio'!G26 | E68: ='Royce Sergio'!H24/'Royce Sergio'!H26 | F68: ='Royce Sergio'!I24/'Royce Sergio'!I26 | H68: ='Royce Sergio'!K24/'Royce Sergio'!K26 | I68: ='Royce Sergio'!L24/'Royce Sergio'!L26 | J68: ='Royce Sergio'!M24/'Royce Sergio'!M26 | K68: ='Royce Sergio'!N24/'Royce Sergio'!N26 | L68: ='Royce Sergio'!O24/'Royce Sergio'!O26 | M68: ='Royce Sergio'!P24/'Royce Sergio'!P26 | O68: ='Royce Sergio'!R24/'Royce Sergio'!R26 | P68: ='Royce Sergio'!S24/'Royce Sergio'!S26 | Q68: ='Royce Sergio'!T24/'Royce Sergio'!T26 | R68: ='Royce Sergio'!U24/'Royce Sergio'!U26 | S68: ='Royce Sergio'!V24/'Royce Sergio'!V26 | T68: ='Royce Sergio'!W24/'Royce Sergio'!W26 | V68: ='Royce Sergio'!Y24/'Royce Sergio'!Y26 | W68: ='Royce Sergio'!Z24/'Royce Sergio'!Z26 | X68: ='Royce Sergio'!AA24/'Royce Sergio'!AA26 | Y68: ='Royce Sergio'!AB24/'Royce Sergio'!AB26 | Z68: ='Royce Sergio'!AC24/'Royce Sergio'!AC26 | AA68: ='Royce Sergio'!AD24/'Royce Sergio'!AD26 | AB68: ='Royce Sergio'!AE24/'Royce Sergio'!AE26
A69: Sampson Kooper | B69: ='Sampson Kooper'!E24/'Sampson Kooper'!E26 | C69: ='Sampson Kooper'!F24/'Sampson Kooper'!F26 | D69: ='Sampson Kooper'!G24/'Sampson Kooper'!G26 | E69: ='Sampson Kooper'!H24/'Sampson Kooper'!H26 | F69: ='Sampson Kooper'!I24/'Sampson Kooper'!I26 | H69: ='Sampson Kooper'!K24/'Sampson Kooper'!K26 | I69: ='Sampson Kooper'!L24/'Sampson Kooper'!L26 | J69: ='Sampson Kooper'!M24/'Sampson Kooper'!M26 | K69: ='Sampson Kooper'!N24/'Sampson Kooper'!N26 | L69: ='Sampson Kooper'!O24/'Sampson Kooper'!O26 | O69: ='Sampson Kooper'!R24/'Sampson Kooper'!R26 | P69: ='Sampson Kooper'!S24/'Sampson Kooper'!S26 | Q69: ='Sampson Kooper'!T24/'Sampson Kooper'!T26 | R69: ='Sampson Kooper'!U24/'Sampson Kooper'!U26 | S69: ='Sampson Kooper'!V24/'Sampson Kooper'!V26 | V69: ='Sampson Kooper'!Y24/'Sampson Kooper'!Y26 | W69: ='Sampson Kooper'!Z24/'Sampson Kooper'!Z26 | X69: ='Sampson Kooper'!AA24/'Sampson Kooper'!AA26 | Y69: ='Sampson Kooper'!AB24/'Sampson Kooper'!AB26 | Z69: ='Sampson Kooper'!AC24/'Sampson Kooper'!AC26 | AB69: ='Sampson Kooper'!AE24/'Sampson Kooper'!AE26
A70: Samuel Stewan | B70: ='Samuel Stewan'!E24/'Samuel Stewan'!E26 | C70: ='Samuel Stewan'!F24/'Samuel Stewan'!F26 | D70: ='Samuel Stewan'!G24/'Samuel Stewan'!G26 | E70: ='Samuel Stewan'!H24/'Samuel Stewan'!H26 | F70: ='Samuel Stewan'!I24/'Samuel Stewan'!I26 | H70: ='Samuel Stewan'!K24/'Samuel Stewan'!K26 | I70: ='Samuel Stewan'!L24/'Samuel Stewan'!L26 | J70: ='Samuel Stewan'!M24/'Samuel Stewan'!M26 | K70: ='Samuel Stewan'!N24/'Samuel Stewan'!N26 | L70: ='Samuel Stewan'!O24/'Samuel Stewan'!O26 | N70: ='Samuel Stewan'!Q24/'Samuel Stewan'!Q26 | O70: ='Samuel Stewan'!R24/'Samuel Stewan'!R26 | P70: ='Samuel Stewan'!S24/'Samuel Stewan'!S26 | Q70: ='Samuel Stewan'!T24/'Samuel Stewan'!T26 | R70: ='Samuel Stewan'!U24/'Samuel Stewan'!U26 | S70: ='Samuel Stewan'!V24/'Samuel Stewan'!V26 | X70: ='Samuel Stewan'!AA24/'Samuel Stewan'!AA26 | Y70: ='Samuel Stewan'!AB24/'Samuel Stewan'!AB26 | Z70: ='Samuel Stewan'!AC24/'Samuel Stewan'!AC26 | AB70: ='Samuel Stewan'!AE24/'Samuel Stewan'!AE26
A71: Sarah Daisy | B71: ='Sarah Daisy'!E24/'Sarah Daisy'!E26 | C71: ='Sarah Daisy'!F24/'Sarah Daisy'!F26 | D71: ='Sarah Daisy'!G24/'Sarah Daisy'!G26 | E71: ='Sarah Daisy'!H24/'Sarah Daisy'!H26 | F71: ='Sarah Daisy'!I24/'Sarah Daisy'!I26 | H71: ='Sarah Daisy'!K24/'Sarah Daisy'!K26 | I71: ='Sarah Daisy'!L24/'Sarah Daisy'!L26 | J71: ='Sarah Daisy'!M24/'Sarah Daisy'!M26 | K71: ='Sarah Daisy'!N24/'Sarah Daisy'!N26 | L71: ='Sarah Daisy'!O24/'Sarah Daisy'!O26 | P71: ='Sarah Daisy'!S24/'Sarah Daisy'!S26 | Q71: ='Sarah Daisy'!T24/'Sarah Daisy'!T26 | R71: ='Sarah Daisy'!U24/'Sarah Daisy'!U26 | S71: ='Sarah Daisy'!V24/'Sarah Daisy'!V26 | V71: ='Sarah Daisy'!Y24/'Sarah Daisy'!Y26 | W71: ='Sarah Daisy'!Z24/'Sarah Daisy'!Z26 | X71: ='Sarah Daisy'!AA24/'Sarah Daisy'!AA26 | Y71: ='Sarah Daisy'!AB24/'Sarah Daisy'!AB26 | Z71: ='Sarah Daisy'!AC24/'Sarah Daisy'!AC26 | AB71: ='Sarah Daisy'!AE24/'Sarah Daisy'!AE26
A72: Saul Logan | F72: ='Saul Logan'!I24/'Saul Logan'!I26 | H72: ='Saul Logan'!K24/'Saul Logan'!K26 | I72: ='Saul Logan'!L24/'Saul Logan'!L26 | J72: ='Saul Logan'!M24/'Saul Logan'!M26 | K72: ='Saul Logan'!N24/'Saul Logan'!N26 | L72: ='Saul Logan'!O24/'Saul Logan'!O26 | O72: ='Saul Logan'!R24/'Saul Logan'!R26 | R72: ='Saul Logan'!U24/'Saul Logan'!U26 | S72: ='Saul Logan'!V24/'Saul Logan'!V26 | V72: ='Saul Logan'!Y24/'Saul Logan'!Y26 | X72: ='Saul Logan'!AA24/'Saul Logan'!AA26 | Y72: ='Saul Logan'!AB24/'Saul Logan'!AB26 | Z72: ='Saul Logan'!AC24/'Saul Logan'!AC26 | AB72: ='Saul Logan'!AE24/'Saul Logan'!AE26
A73: Scottie Samira | B73: ='Scottie Samira'!E24/'Scottie Samira'!E26 | C73: ='Scottie Samira'!F24/'Scottie Samira'!F26 | D73: ='Scottie Samira'!G24/'Scottie Samira'!G26 | E73: ='Scottie Samira'!H24/'Scottie Samira'!H26 | H73: ='Scottie Samira'!K24/'Scottie Samira'!K26 | I73: ='Scottie Samira'!L24/'Scottie Samira'!L26 | J73: ='Scottie Samira'!M24/'Scottie Samira'!M26 | K73: ='Scottie Samira'!N24/'Scottie Samira'!N26 | L73: ='Scottie Samira'!O24/'Scottie Samira'!O26 | O73: ='Scottie Samira'!R24/'Scottie Samira'!R26 | P73: ='Scottie Samira'!S24/'Scottie Samira'!S26 | Q73: ='Scottie Samira'!T24/'Scottie Samira'!T26 | R73: ='Scottie Samira'!U24/'Scottie Samira'!U26 | S73: ='Scottie Samira'!V24/'Scottie Samira'!V26 | V73: ='Scottie Samira'!Y24/'Scottie Samira'!Y26 | W73: ='Scottie Samira'!Z24/'Scottie Samira'!Z26 | X73: ='Scottie Samira'!AA24/'Scottie Samira'!AA26 | AB73: ='Scottie Samira'!AE24/'Scottie Samira'!AE26
A74: Seamus Sutton | B74: ='Seamus Sutton'!E24/'Seamus Sutton'!E26 | C74: ='Seamus Sutton'!F24/'Seamus Sutton'!F26 | D74: ='Seamus Sutton'!G24/'Seamus Sutton'!G26 | E74: ='Seamus Sutton'!H24/'Seamus Sutton'!H26 | F74: ='Seamus Sutton'!I24/'Seamus Sutton'!I26 | H74: ='Seamus Sutton'!K24/'Seamus Sutton'!K26 | I74: ='Seamus Sutton'!L24/'Seamus Sutton'!L26 | J74: ='Seamus Sutton'!M24/'Seamus Sutton'!M26 | K74: ='Seamus Sutton'!N24/'Seamus Sutton'!N26 | L74: ='Seamus Sutton'!O24/'Seamus Sutton'!O26 | M74: ='Seamus Sutton'!P24/'Seamus Sutton'!P26 | N74: ='Seamus Sutton'!Q24/'Seamus Sutton'!Q26 | O74: ='Seamus Sutton'!R24/'Seamus Sutton'!R26 | ... Y74: ='Seamus Sutton'!AB24/'Seamus Sutton'!AB26 | AA74: ='Seamus Sutton'!AD24/'Seamus Sutton'!AD26 | AB74: ='Seamus Sutton'!AE24/'Seamus Sutton'!AE26
A75: Sergio Kenneth | D75: ='Sergio Kenneth'!G24/'Sergio Kenneth'!G26 | I75: ='Sergio Kenneth'!L24/'Sergio Kenneth'!L26 | J75: ='Sergio Kenneth'!M24/'Sergio Kenneth'!M26 | K75: ='Sergio Kenneth'!N24/'Sergio Kenneth'!N26 | L75: ='Sergio Kenneth'!O24/'Sergio Kenneth'!O26 | Q75: ='Sergio Kenneth'!T24/'Sergio Kenneth'!T26 | R75: ='Sergio Kenneth'!U24/'Sergio Kenneth'!U26 | S75: ='Sergio Kenneth'!V24/'Sergio Kenneth'!V26 | V75: ='Sergio Kenneth'!Y24/'Sergio Kenneth'!Y26 | W75: ='Sergio Kenneth'!Z24/'Sergio Kenneth'!Z26 | X75: ='Sergio Kenneth'!AA24/'Sergio Kenneth'!AA26 | Y75: ='Sergio Kenneth'!AB24/'Sergio Kenneth'!AB26 | Z75: ='Sergio Kenneth'!AC24/'Sergio Kenneth'!AC26 | AB75: ='Sergio Kenneth'!AE24/'Sergio Kenneth'!AE26
A76: Shirley Darcy | B76: ='Shirley Darcy'!E24/'Shirley Darcy'!E26 | C76: ='Shirley Darcy'!F24/'Shirley Darcy'!F26 | D76: ='Shirley Darcy'!G24/'Shirley Darcy'!G26 | E76: ='Shirley Darcy'!H24/'Shirley Darcy'!H26 | F76: ='Shirley Darcy'!I24/'Shirley Darcy'!I26 | H76: ='Shirley Darcy'!K24/'Shirley Darcy'!K26 | I76: ='Shirley Darcy'!L24/'Shirley Darcy'!L26 | J76: ='Shirley Darcy'!M24/'Shirley Darcy'!M26 | K76: ='Shirley Darcy'!N24/'Shirley Darcy'!N26 | L76: ='Shirley Darcy'!O24/'Shirley Darcy'!O26 | P76: ='Shirley Darcy'!S24/'Shirley Darcy'!S26 | Q76: ='Shirley Darcy'!T24/'Shirley Darcy'!T26 | R76: ='Shirley Darcy'!U24/'Shirley Darcy'!U26 | S76: ='Shirley Darcy'!V24/'Shirley Darcy'!V26 | T76: ='Shirley Darcy'!W24/'Shirley Darcy'!W26 | U76: ='Shirley Darcy'!X24/'Shirley Darcy'!X26 | V76: ='Shirley Darcy'!Y24/'Shirley Darcy'!Y26 | W76: ='Shirley Darcy'!Z24/'Shirley Darcy'!Z26 | ... Z76: ='Shirley Darcy'!AC24/'Shirley Darcy'!AC26 | AB76: ='Shirley Darcy'!AE24/'Shirley Darcy'!AE26
A77: Silvester Kolton | B77: ='Silvester Kolton'!E24/'Silvester Kolton'!E26 | C77: ='Silvester Kolton'!F24/'Silvester Kolton'!F26 | D77: ='Silvester Kolton'!G24/'Silvester Kolton'!G26 | E77: ='Silvester Kolton'!H24/'Silvester Kolton'!H26 | F77: ='Silvester Kolton'!I24/'Silvester Kolton'!I26 | G77: ='Silvester Kolton'!J24/'Silvester Kolton'!J26 | H77: ='Silvester Kolton'!K24/'Silvester Kolton'!K26 | I77: ='Silvester Kolton'!L24/'Silvester Kolton'!L26 | ... L77: ='Silvester Kolton'!O24/'Silvester Kolton'!O26 | O77: ='Silvester Kolton'!R24/'Silvester Kolton'!R26 | P77: ='Silvester Kolton'!S24/'Silvester Kolton'!S26 | Q77: ='Silvester Kolton'!T24/'Silvester Kolton'!T26 | R77: ='Silvester Kolton'!U24/'Silvester Kolton'!U26 | S77: ='Silvester Kolton'!V24/'Silvester Kolton'!V26 | V77: ='Silvester Kolton'!Y24/'Silvester Kolton'!Y26 | W77: ='Silvester Kolton'!Z24/'Silvester Kolton'!Z26 | X77: ='Silvester Kolton'!AA24/'Silvester Kolton'!AA26 | Y77: ='Silvester Kolton'!AB24/'Silvester Kolton'!AB26 | Z77: ='Silvester Kolton'!AC24/'Silvester Kolton'!AC26 | AB77: ='Silvester Kolton'!AE24/'Silvester Kolton'!AE26
A78: Simon Ryder | D78: ='Simon Ryder'!G24/'Simon Ryder'!G26 | I78: ='Simon Ryder'!L24/'Simon Ryder'!L26 | J78: ='Simon Ryder'!M24/'Simon Ryder'!M26 | K78: ='Simon Ryder'!N24/'Simon Ryder'!N26 | L78: ='Simon Ryder'!O24/'Simon Ryder'!O26 | P78: ='Simon Ryder'!S24/'Simon Ryder'!S26 | Q78: ='Simon Ryder'!T24/'Simon Ryder'!T26 | R78: ='Simon Ryder'!U24/'Simon Ryder'!U26 | AB78: ='Simon Ryder'!AE24/'Simon Ryder'!AE26
A79: Solomon Hadley | D79: ='Solomon Hadley'!G24/'Solomon Hadley'!G26 | E79: ='Solomon Hadley'!H24/'Solomon Hadley'!H26 | F79: ='Solomon Hadley'!I24/'Solomon Hadley'!I26 | H79: ='Solomon Hadley'!K24/'Solomon Hadley'!K26 | I79: ='Solomon Hadley'!L24/'Solomon Hadley'!L26 | R79: ='Solomon Hadley'!U24/'Solomon Hadley'!U26 | S79: ='Solomon Hadley'!V24/'Solomon Hadley'!V26 | V79: ='Solomon Hadley'!Y24/'Solomon Hadley'!Y26 | W79: ='Solomon Hadley'!Z24/'Solomon Hadley'!Z26 | X79: ='Solomon Hadley'!AA24/'Solomon Hadley'!AA26 | Y79: ='Solomon Hadley'!AB24/'Solomon Hadley'!AB26 | Z79: ='Solomon Hadley'!AC24/'Solomon Hadley'!AC26 | AB79: ='Solomon Hadley'!AE24/'Solomon Hadley'!AE26
A80: Sonia Piper | H80: ='Sonia Piper'!K24/'Sonia Piper'!K26 | I80: ='Sonia Piper'!L24/'Sonia Piper'!L26 | J80: ='Sonia Piper'!M24/'Sonia Piper'!M26 | O80: ='Sonia Piper'!R24/'Sonia Piper'!R26 | Q80: ='Sonia Piper'!T24/'Sonia Piper'!T26 | V80: ='Sonia Piper'!Y24/'Sonia Piper'!Y26 | W80: ='Sonia Piper'!Z24/'Sonia Piper'!Z26 | X80: ='Sonia Piper'!AA24/'Sonia Piper'!AA26 | Y80: ='Sonia Piper'!AB24/'Sonia Piper'!AB26 | AB80: ='Sonia Piper'!AE24/'Sonia Piper'!AE26
A81: Sophie Stella | C81: ='Sophie Stella'!F24/'Sophie Stella'!F26 | F81: ='Sophie Stella'!I24/'Sophie Stella'!I26 | I81: ='Sophie Stella'!L24/'Sophie Stella'!L26 | J81: ='Sophie Stella'!M24/'Sophie Stella'!M26 | K81: ='Sophie Stella'!N24/'Sophie Stella'!N26 | L81: ='Sophie Stella'!O24/'Sophie Stella'!O26 | O81: ='Sophie Stella'!R24/'Sophie Stella'!R26 | V81: ='Sophie Stella'!Y24/'Sophie Stella'!Y26 | W81: ='Sophie Stella'!Z24/'Sophie Stella'!Z26 | X81: ='Sophie Stella'!AA24/'Sophie Stella'!AA26 | Y81: ='Sophie Stella'!AB24/'Sophie Stella'!AB26 | Z81: ='Sophie Stella'!AC24/'Sophie Stella'!AC26 | AB81: ='Sophie Stella'!AE24/'Sophie Stella'!AE26
A82: Spencer Calvin | B82: ='Spencer Calvin'!E24/'Spencer Calvin'!E26 | C82: ='Spencer Calvin'!F24/'Spencer Calvin'!F26 | D82: ='Spencer Calvin'!G24/'Spencer Calvin'!G26 | E82: ='Spencer Calvin'!H24/'Spencer Calvin'!H26 | F82: ='Spencer Calvin'!I24/'Spencer Calvin'!I26 | H82: ='Spencer Calvin'!K24/'Spencer Calvin'!K26 | I82: ='Spencer Calvin'!L24/'Spencer Calvin'!L26 | J82: ='Spencer Calvin'!M24/'Spencer Calvin'!M26 | K82: ='Spencer Calvin'!N24/'Spencer Calvin'!N26 | L82: ='Spencer Calvin'!O24/'Spencer Calvin'!O26 | M82: ='Spencer Calvin'!P24/'Spencer Calvin'!P26 | N82: ='Spencer Calvin'!Q24/'Spencer Calvin'!Q26 | O82: ='Spencer Calvin'!R24/'Spencer Calvin'!R26 | ... T82: ='Spencer Calvin'!W24/'Spencer Calvin'!W26 | V82: ='Spencer Calvin'!Y24/'Spencer Calvin'!Y26 | W82: ='Spencer Calvin'!Z24/'Spencer Calvin'!Z26 | X82: ='Spencer Calvin'!AA24/'Spencer Calvin'!AA26 | Y82: ='Spencer Calvin'!AB24/'Spencer Calvin'!AB26 | Z82: ='Spencer Calvin'!AC24/'Spencer Calvin'!AC26 | AA82: ='Spencer Calvin'!AD24/'Spencer Calvin'!AD26 | AB82: ='Spencer Calvin'!AE24/'Spencer Calvin'!AE26
A83: Stanley Kurt | B83: ='Stanley Kurt'!E24/'Stanley Kurt'!E26 | D83: ='Stanley Kurt'!G24/'Stanley Kurt'!G26 | F83: ='Stanley Kurt'!I24/'Stanley Kurt'!I26 | H83: ='Stanley Kurt'!K24/'Stanley Kurt'!K26 | I83: ='Stanley Kurt'!L24/'Stanley Kurt'!L26 | J83: ='Stanley Kurt'!M24/'Stanley Kurt'!M26 | K83: ='Stanley Kurt'!N24/'Stanley Kurt'!N26 | L83: ='Stanley Kurt'!O24/'Stanley Kurt'!O26 | O83: ='Stanley Kurt'!R24/'Stanley Kurt'!R26 | P83: ='Stanley Kurt'!S24/'Stanley Kurt'!S26 | Q83: ='Stanley Kurt'!T24/'Stanley Kurt'!T26 | R83: ='Stanley Kurt'!U24/'Stanley Kurt'!U26 | S83: ='Stanley Kurt'!V24/'Stanley Kurt'!V26 | V83: ='Stanley Kurt'!Y24/'Stanley Kurt'!Y26 | W83: ='Stanley Kurt'!Z24/'Stanley Kurt'!Z26 | X83: ='Stanley Kurt'!AA24/'Stanley Kurt'!AA26 | Y83: ='Stanley Kurt'!AB24/'Stanley Kurt'!AB26 | Z83: ='Stanley Kurt'!AC24/'Stanley Kurt'!AC26 | AB83: ='Stanley Kurt'!AE24/'Stanley Kurt'!AE26
A84: Stanley Niece | B84: ='Stanley Niece'!E24/'Stanley Niece'!E26 | C84: ='Stanley Niece'!F24/'Stanley Niece'!F26 | E84: ='Stanley Niece'!H24/'Stanley Niece'!H26 | F84: ='Stanley Niece'!I24/'Stanley Niece'!I26 | H84: ='Stanley Niece'!K24/'Stanley Niece'!K26 | I84: ='Stanley Niece'!L24/'Stanley Niece'!L26 | J84: ='Stanley Niece'!M24/'Stanley Niece'!M26 | K84: ='Stanley Niece'!N24/'Stanley Niece'!N26 | L84: ='Stanley Niece'!O24/'Stanley Niece'!O26 | O84: ='Stanley Niece'!R24/'Stanley Niece'!R26 | P84: ='Stanley Niece'!S24/'Stanley Niece'!S26 | Q84: ='Stanley Niece'!T24/'Stanley Niece'!T26 | R84: ='Stanley Niece'!U24/'Stanley Niece'!U26 | S84: ='Stanley Niece'!V24/'Stanley Niece'!V26 | W84: ='Stanley Niece'!Z24/'Stanley Niece'!Z26 | X84: ='Stanley Niece'!AA24/'Stanley Niece'!AA26 | Y84: ='Stanley Niece'!AB24/'Stanley Niece'!AB26 | Z84: ='Stanley Niece'!AC24/'Stanley Niece'!AC26 | AB84: ='Stanley Niece'!AE24/'Stanley Niece'!AE26
A85: Sullivan Raphael | B85: ='Sullivan Raphael'!E24/'Sullivan Raphael'!E26 | C85: ='Sullivan Raphael'!F24/'Sullivan Raphael'!F26 | D85: ='Sullivan Raphael'!G24/'Sullivan Raphael'!G26 | F85: ='Sullivan Raphael'!I24/'Sullivan Raphael'!I26 | G85: ='Sullivan Raphael'!J24/'Sullivan Raphael'!J26 | H85: ='Sullivan Raphael'!K24/'Sullivan Raphael'!K26 | I85: ='Sullivan Raphael'!L24/'Sullivan Raphael'!L26 | K85: ='Sullivan Raphael'!N24/'Sullivan Raphael'!N26 | L85: ='Sullivan Raphael'!O24/'Sullivan Raphael'!O26 | R85: ='Sullivan Raphael'!U24/'Sullivan Raphael'!U26 | S85: ='Sullivan Raphael'!V24/'Sullivan Raphael'!V26 | T85: ='Sullivan Raphael'!W24/'Sullivan Raphael'!W26 | U85: ='Sullivan Raphael'!X24/'Sullivan Raphael'!X26 | V85: ='Sullivan Raphael'!Y24/'Sullivan Raphael'!Y26 | W85: ='Sullivan Raphael'!Z24/'Sullivan Raphael'!Z26 | X85: ='Sullivan Raphael'!AA24/'Sullivan Raphael'!AA26 | Y85: ='Sullivan Raphael'!AB24/'Sullivan Raphael'!AB26 | ... AB85: ='Sullivan Raphael'!AE24/'Sullivan Raphael'!AE26
A86: Sutton Brady | B86: ='Sutton Brady'!E24/'Sutton Brady'!E26 | D86: ='Sutton Brady'!G24/'Sutton Brady'!G26 | E86: ='Sutton Brady'!H24/'Sutton Brady'!H26 | I86: ='Sutton Brady'!L24/'Sutton Brady'!L26 | K86: ='Sutton Brady'!N24/'Sutton Brady'!N26 | L86: ='Sutton Brady'!O24/'Sutton Brady'!O26 | O86: ='Sutton Brady'!R24/'Sutton Brady'!R26 | P86: ='Sutton Brady'!S24/'Sutton Brady'!S26 | Q86: ='Sutton Brady'!T24/'Sutton Brady'!T26 | R86: ='Sutton Brady'!U24/'Sutton Brady'!U26 | S86: ='Sutton Brady'!V24/'Sutton Brady'!V26 | V86: ='Sutton Brady'!Y24/'Sutton Brady'!Y26 | W86: ='Sutton Brady'!Z24/'Sutton Brady'!Z26 | X86: ='Sutton Brady'!AA24/'Sutton Brady'!AA26 | Y86: ='Sutton Brady'!AB24/'Sutton Brady'!AB26 | Z86: ='Sutton Brady'!AC24/'Sutton Brady'!AC26 | AB86: ='Sutton Brady'!AE24/'Sutton Brady'!AE26
A87: Tesha David | B87: ='Tesha David'!E24/'Tesha David'!E26 | F87: ='Tesha David'!I24/'Tesha David'!I26 | H87: ='Tesha David'!K24/'Tesha David'!K26 | I87: ='Tesha David'!L24/'Tesha David'!L26 | J87: ='Tesha David'!M24/'Tesha David'!M26 | K87: ='Tesha David'!N24/'Tesha David'!N26 | L87: ='Tesha David'!O24/'Tesha David'!O26 | P87: ='Tesha David'!S24/'Tesha David'!S26 | Q87: ='Tesha David'!T24/'Tesha David'!T26 | R87: ='Tesha David'!U24/'Tesha David'!U26 | W87: ='Tesha David'!Z24/'Tesha David'!Z26 | X87: ='Tesha David'!AA24/'Tesha David'!AA26 | Y87: ='Tesha David'!AB24/'Tesha David'!AB26 | Z87: ='Tesha David'!AC24/'Tesha David'!AC26 | AB87: ='Tesha David'!AE24/'Tesha David'!AE26
A88: Tim Oldrich | I88: ='Tim Oldrich'!L24/'Tim Oldrich'!L26 | J88: ='Tim Oldrich'!M24/'Tim Oldrich'!M26 | K88: ='Tim Oldrich'!N24/'Tim Oldrich'!N26 | L88: ='Tim Oldrich'!O24/'Tim Oldrich'!O26 | R88: ='Tim Oldrich'!U24/'Tim Oldrich'!U26 | V88: ='Tim Oldrich'!Y24/'Tim Oldrich'!Y26 | W88: ='Tim Oldrich'!Z24/'Tim Oldrich'!Z26 | X88: ='Tim Oldrich'!AA24/'Tim Oldrich'!AA26 | Y88: ='Tim Oldrich'!AB24/'Tim Oldrich'!AB26 | Z88: ='Tim Oldrich'!AC24/'Tim Oldrich'!AC26 | AB88: ='Tim Oldrich'!AE24/'Tim Oldrich'!AE26
A89: Travis Madison | H89: ='Travis Madison'!K24/'Travis Madison'!K26 | I89: ='Travis Madison'!L24/'Travis Madison'!L26 | J89: ='Travis Madison'!M24/'Travis Madison'!M26 | L89: ='Travis Madison'!O24/'Travis Madison'!O26 | O89: ='Travis Madison'!R24/'Travis Madison'!R26 | P89: ='Travis Madison'!S24/'Travis Madison'!S26 | Q89: ='Travis Madison'!T24/'Travis Madison'!T26 | R89: ='Travis Madison'!U24/'Travis Madison'!U26 | V89: ='Travis Madison'!Y24/'Travis Madison'!Y26 | W89: ='Travis Madison'!Z24/'Travis Madison'!Z26 | X89: ='Travis Madison'!AA24/'Travis Madison'!AA26 | AB89: ='Travis Madison'!AE24/'Travis Madison'!AE26
A90: Unique Miguel | E90: ='Unique Miguel'!H24/'Unique Miguel'!H26 | F90: ='Unique Miguel'!I24/'Unique Miguel'!I26 | H90: ='Unique Miguel'!K24/'Unique Miguel'!K26 | I90: ='Unique Miguel'!L24/'Unique Miguel'!L26 | M90: ='Unique Miguel'!P24/'Unique Miguel'!P26 | N90: ='Unique Miguel'!Q24/'Unique Miguel'!Q26 | S90: ='Unique Miguel'!V24/'Unique Miguel'!V26 | X90: ='Unique Miguel'!AA24/'Unique Miguel'!AA26 | AA90: ='Unique Miguel'!AD24/'Unique Miguel'!AD26 | AB90: ='Unique Miguel'!AE24/'Unique Miguel'!AE26
A91: Veronica Riya | B91: ='Veronica Riya'!E24/'Veronica Riya'!E26 | C91: ='Veronica Riya'!F24/'Veronica Riya'!F26 | D91: ='Veronica Riya'!G24/'Veronica Riya'!G26 | E91: ='Veronica Riya'!H24/'Veronica Riya'!H26 | F91: ='Veronica Riya'!I24/'Veronica Riya'!I26 | H91: ='Veronica Riya'!K24/'Veronica Riya'!K26 | I91: ='Veronica Riya'!L24/'Veronica Riya'!L26 | J91: ='Veronica Riya'!M24/'Veronica Riya'!M26 | K91: ='Veronica Riya'!N24/'Veronica Riya'!N26 | L91: ='Veronica Riya'!O24/'Veronica Riya'!O26 | P91: ='Veronica Riya'!S24/'Veronica Riya'!S26 | Q91: ='Veronica Riya'!T24/'Veronica Riya'!T26 | R91: ='Veronica Riya'!U24/'Veronica Riya'!U26 | S91: ='Veronica Riya'!V24/'Veronica Riya'!V26 | X91: ='Veronica Riya'!AA24/'Veronica Riya'!AA26 | Y91: ='Veronica Riya'!AB24/'Veronica Riya'!AB26 | Z91: ='Veronica Riya'!AC24/'Veronica Riya'!AC26 | AB91: ='Veronica Riya'!AE24/'Veronica Riya'!AE26
A92: Victory Vaughan | B92: ='Victory Vaughan'!E24/'Victory Vaughan'!E26 | C92: ='Victory Vaughan'!F24/'Victory Vaughan'!F26 | D92: ='Victory Vaughan'!G24/'Victory Vaughan'!G26 | E92: ='Victory Vaughan'!H24/'Victory Vaughan'!H26 | F92: ='Victory Vaughan'!I24/'Victory Vaughan'!I26 | H92: ='Victory Vaughan'!K24/'Victory Vaughan'!K26 | I92: ='Victory Vaughan'!L24/'Victory Vaughan'!L26 | J92: ='Victory Vaughan'!M24/'Victory Vaughan'!M26 | K92: ='Victory Vaughan'!N24/'Victory Vaughan'!N26 | L92: ='Victory Vaughan'!O24/'Victory Vaughan'!O26 | O92: ='Victory Vaughan'!R24/'Victory Vaughan'!R26 | P92: ='Victory Vaughan'!S24/'Victory Vaughan'!S26 | Q92: ='Victory Vaughan'!T24/'Victory Vaughan'!T26 | R92: ='Victory Vaughan'!U24/'Victory Vaughan'!U26 | S92: ='Victory Vaughan'!V24/'Victory Vaughan'!V26 | V92: ='Victory Vaughan'!Y24/'Victory Vaughan'!Y26 | W92: ='Victory Vaughan'!Z24/'Victory Vaughan'!Z26 | X92: ='Victory Vaughan'!AA24/'Victory Vaughan'!AA26 | Y92: ='Victory Vaughan'!AB24/'Victory Vaughan'!AB26 | Z92: ='Victory Vaughan'!AC24/'Victory Vaughan'!AC26 | AB92: ='Victory Vaughan'!AE24/'Victory Vaughan'!AE26
A93: Yoselin Lana | B93: ='Yoselin Lana'!E24/'Yoselin Lana'!E26 | C93: ='Yoselin Lana'!F24/'Yoselin Lana'!F26 | D93: ='Yoselin Lana'!G24/'Yoselin Lana'!G26 | E93: ='Yoselin Lana'!H24/'Yoselin Lana'!H26 | F93: ='Yoselin Lana'!I24/'Yoselin Lana'!I26 | H93: ='Yoselin Lana'!K24/'Yoselin Lana'!K26 | I93: ='Yoselin Lana'!L24/'Yoselin Lana'!L26 | J93: ='Yoselin Lana'!M24/'Yoselin Lana'!M26 | K93: ='Yoselin Lana'!N24/'Yoselin Lana'!N26 | L93: ='Yoselin Lana'!O24/'Yoselin Lana'!O26 | O93: ='Yoselin Lana'!R24/'Yoselin Lana'!R26 | P93: ='Yoselin Lana'!S24/'Yoselin Lana'!S26 | Q93: ='Yoselin Lana'!T24/'Yoselin Lana'!T26 | R93: ='Yoselin Lana'!U24/'Yoselin Lana'!U26 | S93: ='Yoselin Lana'!V24/'Yoselin Lana'!V26 | V93: ='Yoselin Lana'!Y24/'Yoselin Lana'!Y26 | W93: ='Yoselin Lana'!Z24/'Yoselin Lana'!Z26 | X93: ='Yoselin Lana'!AA24/'Yoselin Lana'!AA26 | Y93: ='Yoselin Lana'!AB24/'Yoselin Lana'!AB26 | Z93: ='Yoselin Lana'!AC24/'Yoselin Lana'!AC26 | AB93: ='Yoselin Lana'!AE24/'Yoselin Lana'!AE26
A94: Young Ronald | B94: ='Young Ronald'!E24/'Young Ronald'!E26 | C94: ='Young Ronald'!F24/'Young Ronald'!F26 | D94: ='Young Ronald'!G24/'Young Ronald'!G26 | E94: ='Young Ronald'!H24/'Young Ronald'!H26 | F94: ='Young Ronald'!I24/'Young Ronald'!I26 | I94: ='Young Ronald'!L24/'Young Ronald'!L26 | J94: ='Young Ronald'!M24/'Young Ronald'!M26 | K94: ='Young Ronald'!N24/'Young Ronald'!N26 | L94: ='Young Ronald'!O24/'Young Ronald'!O26 | M94: ='Young Ronald'!P24/'Young Ronald'!P26 | N94: ='Young Ronald'!Q24/'Young Ronald'!Q26 | O94: ='Young Ronald'!R24/'Young Ronald'!R26 | P94: ='Young Ronald'!S24/'Young Ronald'!S26 | ... AB94: ='Young Ronald'!AE24/'Young Ronald'!AE26

Sheet Albert Karson
A1: Process | B1: Per Day Target | C1: Hourly Target | D1: Hours/Day | E1: 02/02 | F1: 02/03 | G1: 02/04 | H1: 02/05 | I1: 02/06 | J1: 02/07 | K1: 02/09 | L1: 02/10 | M1: 02/11 | N1: 02/12 | O1: 02/13 | P1: 02/14 | Q1: 02/15 | R1: 02/16 | S1: 02/17 | T1: 02/18 | U1: 02/19 | V1: 02/20 | W1: 02/21 | X1: 02/22 | Y1: 02/23 | Z1: 02/24 | AA1: 02/25 | AB1: 02/26 | AC1: 02/27 | AD1: 02/28 | AE1: MTD Production
A2: Infinity - Loan Setup - Non-QM | B2: 6 | C2: 1.5 | D2: 9
A3: Infinity - Credit - Non-QM | B3: 5 | C3: 1.8 | D3: 9
A4: Infinity - Compliance - Non-QM | B4: 7 | C4: 1.29 | D4: 9
A5: Infinity - Credit QC - Non-QM | B5: 6 | C5: 1.5 | D5: 9
A6: Infinity - Compliance QC - Non-QM | B6: 13 | C6: 0.69 | D6: 9
A7: Infinity -PreClose Loan Setup | B7: 6 | C7: 1.5 | D7: 9
A8: Infinity -PreClose Credit | B8: 6 | C8: 1.5 | D8: 9
A9: Infinity -PreClose Credit QC | B9: 7 | C9: 1.29 | D9: 9
A10: Infinity - Review | B10: 3 | C10: 3 | D10: 9
A11: Infinity - QC | B11: 4 | C11: 2.25 | D11: 9
A13: Canopy - Credit | B13: 3 | C13: 3 | D13: 9
A14: Canopy - Credit- Deephaven | B14: 2 | C14: 4.5 | D14: 9
A15: Canopy - Compliance | B15: 6 | C15: 1.5 | D15: 9 | E15: 0 | F15: 4 | G15: 1 | H15: 3 | I15: 0 | J15: 0 | K15: 0 | L15: 0 | M15: 0 | N15: 3 | O15: 0 | P15: 0 | Q15: 0 | R15: 0 | S15: 4 | T15: 6 | U15: 2 | V15: 2 | W15: 0 | X15: 0 | Y15: 8 | Z15: 6 | AA15: 5 | AB15: 4 | AC15: 3 | AD15: 0
A16: Agency - Credit QC | B16: 8 | C16: 1.3 | D16: 9
A17: Agency - Compliance QC | B17: 13 | C17: 0.69 | D17: 9
A18: Schwab - Credit | B18: 2.5 | C18: 3.6 | D18: 9
A19: Schwab - Credit QC | B19: 5 | C19: 1.8 | D19: 9
A20: Griffin Pre - Credit | B20: 4 | C20: 2.25 | D20: 9
A21: Conditions - Credit (18) | B21: 25 | C21: 0.36 | D21: 9
A22: Conditions - Compliance (20) | B22: 22.5 | C22: 0.4 | D22: 9
A23: Other | B23: 3 | C23: 3 | D23: 9
A24: Points Per Day | F24: =(F15*C15) | G24: =(G15*C15) | H24: =(H15*C15) | N24: =(N15*C15) | S24: =(S15*C15) | T24: =(T15*C15) | U24: =(U15*C15) | V24: =(V15*C15) | Y24: =(Y15*C15) | Z24: =(Z15*C15) | AA24: =(AA15*C15) | AB24: =(AB15*C15) | AC24: =(AC15*C15) | AE24: =SUM(E24:AD24)
A25: Actual Hours Worked | AE25: =SUM(E25:AD25)
A26: Hours Worked (Adjusted as per day target) | AE26: =SUM(E26:AD26)
A27: Approved PTO | E27: 0 | F27: 0 | G27: 0 | H27: 0 | I27: 0 | J27: 0 | K27: 0 | L27: 0 | M27: 0 | N27: 0 | O27: 0 | P27: 0 | Q27: 0 | R27: 0 | S27: 0 | T27: 0 | U27: 0 | V27: 0 | W27: 0 | X27: 0 | Y27: 0 | Z27: 0 | AA27: 0 | AB27: 0 | AC27: 0 | AD27: 0 | AE27: =SUM(E27:AD27)
A28: Producticity % | AE28: =AE24/AE26
A30: Unproductive Time Explanation
A31: Date | B31: Reason | C31: Hours

Sheet Alice Raymond
A1: Process | B1: Per Day Target | C1: Hourly Target | D1: Hours/Day | E1: 02/02 | F1: 02/03 | G1: 02/04 | H1: 02/05 | I1: 02/06 | J1: 02/07 | K1: 02/09 | L1: 02/10 | M1: 02/11 | N1: 02/12 | O1: 02/13 | P1: 02/14 | Q1: 02/15 | R1: 02/16 | S1: 02/17 | T1: 02/18 | U1: 02/19 | V1: 02/20 | W1: 02/21 | X1: 02/22 | Y1: 02/23 | Z1: 02/24 | AA1: 02/25 | AB1: 02/26 | AC1: 02/27 | AD1: 02/28 | AE1: MTD Production
A2: Infinity - Loan Setup - Non-QM | B2: 6 | C2: 1.5 | D2: 9
A3: Infinity - Credit - Non-QM | B3: 5 | C3: 1.8 | D3: 9
A4: Infinity - Compliance - Non-QM | B4: 7 | C4: 1.29 | D4: 9
A5: Infinity - Credit QC - Non-QM | B5: 6 | C5: 1.5 | D5: 9
A6: Infinity - Compliance QC - Non-QM | B6: 13 | C6: 0.69 | D6: 9
A7: Infinity -PreClose Loan Setup | B7: 6 | C7: 1.5 | D7: 9
A8: Infinity -PreClose Credit | B8: 6 | C8: 1.5 | D8: 9
A9: Infinity -PreClose Credit QC | B9: 7 | C9: 1.29 | D9: 9
A10: Infinity - Review | B10: 3 | C10: 3 | D10: 9
A11: Infinity - QC | B11: 4 | C11: 2.25 | D11: 9
A13: Canopy - Credit | B13: 3 | C13: 3 | D13: 9 | E13: 3 | F13: 4 | G13: 2 | H13: 4 | I13: 3 | J13: 0 | K13: 0 | L13: 4 | M13: 3 | N13: 4 | O13: 4 | P13: 0 | Q13: 0 | R13: 0 | S13: 3 | T13: 3 | U13: 4 | V13: 3 | W13: 3 | X13: 4 | Y13: 3 | Z13: 4 | AA13: 3 | AB13: 4 | AC13: 3 | AD13: 0
A14: Canopy - Credit- Deephaven | B14: 2 | C14: 4.5 | D14: 9
A15: Canopy - Compliance | B15: 6 | C15: 1.5 | D15: 9
A16: Agency - Credit QC | B16: 8 | C16: 1.3 | D16: 9
A17: Agency - Compliance QC | B17: 13 | C17: 0.69 | D17: 9
A18: Schwab - Credit | B18: 2.5 | C18: 3.6 | D18: 9
A19: Schwab - Credit QC | B19: 5 | C19: 1.8 | D19: 9
A20: Griffin Pre - Credit | B20: 4 | C20: 2.25 | D20: 9
A21: Conditions - Credit (18) | B21: 25 | C21: 0.36 | D21: 9
A22: Conditions - Compliance (20) | B22: 22.5 | C22: 0.4 | D22: 9
A23: Other | B23: 3 | C23: 3 | D23: 9
A24: Points Per Day | E24: =(E13*C13) | F24: =(F13*C13) | G24: =(G13*C13) | H24: =(H13*C13) | I24: =(I13*C13) | L24: =(L13*C13) | M24: =(M13*C13) | N24: =(N13*C13) | O24: =(O13*C13) | S24: =(S13*C13) | T24: =(T13*C13) | U24: =(U13*C13) | V24: =(V13*C13) | W24: =(W13*C13) | X24: =(X13*C13) | Y24: =(Y13*C13) | Z24: =(Z13*C13) | AA24: =(AA13*C13) | AB24: =(AB13*C13) | AC24: =(AC13*C13) | AE24: =SUM(E24:AD24)
A25: Actual Hours Worked | AE25: =SUM(E25:AD25)
A26: Hours Worked (Adjusted as per day target) | AE26: =SUM(E26:AD26)
A27: Approved PTO | E27: 0 | F27: 0 | G27: 0 | H27: 0 | I27: 0 | J27: 0 | K27: 0 | L27: 0 | M27: 0 | N27: 0 | O27: 0 | P27: 0 | Q27: 0 | R27: 0 | S27: 0 | T27: 0 | U27: 0 | V27: 0 | W27: 0 | X27: 0 | Y27: 0 | Z27: 0 | AA27: 0 | AB27: 0 | AC27: 0 | AD27: 0 | AE27: =SUM(E27:AD27)
A28: Producticity % | AE28: =AE24/AE26
A30: Unproductive Time Explanation
A31: Date | B31: Reason | C31: Hours

Sheet Alvise Axel
A1: Process | B1: Per Day Target | C1: Hourly Target | D1: Hours/Day | E1: 02/02 | F1: 02/03 | G1: 02/04 | H1: 02/05 | I1: 02/06 | J1: 02/07 | K1: 02/09 | L1: 02/10 | M1: 02/11 | N1: 02/12 | O1: 02/13 | P1: 02/14 | Q1: 02/15 | R1: 02/16 | S1: 02/17 | T1: 02/18 | U1: 02/19 | V1: 02/20 | W1: 02/21 | X1: 02/22 | Y1: 02/23 | Z1: 02/24 | AA1: 02/25 | AB1: 02/26 | AC1: 02/27 | AD1: 02/28 | AE1: MTD Production
A2: Infinity - Loan Setup - Non-QM | B2: 6 | C2: 1.5 | D2: 9
A3: Infinity - Credit - Non-QM | B3: 5 | C3: 1.8 | D3: 9
A4: Infinity - Compliance - Non-QM | B4: 7 | C4: 1.29 | D4: 9
A5: Infinity - Credit QC - Non-QM | B5: 6 | C5: 1.5 | D5: 9
A6: Infinity - Compliance QC - Non-QM | B6: 13 | C6: 0.69 | D6: 9
A7: Infinity -PreClose Loan Setup | B7: 6 | C7: 1.5 | D7: 9
A8: Infinity -PreClose Credit | B8: 6 | C8: 1.5 | D8: 9
A9: Infinity -PreClose Credit QC | B9: 7 | C9: 1.29 | D9: 9
A10: Infinity - Review | B10: 3 | C10: 3 | D10: 9
A11: Infinity - QC | B11: 4 | C11: 2.25 | D11: 9
A13: Canopy - Credit | B13: 3 | C13: 3 | D13: 9 | E13: 4 | F13: 3 | G13: 5 | H13: 3 | I13: 3 | J13: 3 | K13: 4 | L13: 3 | M13: 3 | N13: 4 | O13: 2 | P13: 4 | Q13: 4 | R13: 2 | S13: 4 | T13: 3 | U13: 4 | V13: 3 | W13: 0 | X13: 0 | Y13: 3 | Z13: 4 | AA13: 4 | AB13: 3 | AC13: 2 | AD13: 0
A14: Canopy - Credit- Deephaven | B14: 2 | C14: 4.5 | D14: 9
A15: Canopy - Compliance | B15: 6 | C15: 1.5 | D15: 9
A16: Agency - Credit QC | B16: 8 | C16: 1.3 | D16: 9
A17: Agency - Compliance QC | B17: 13 | C17: 0.69 | D17: 9
A18: Schwab - Credit | B18: 2.5 | C18: 3.6 | D18: 9
A19: Schwab - Credit QC | B19: 5 | C19: 1.8 | D19: 9
A20: Griffin Pre - Credit | B20: 4 | C20: 2.25 | D20: 9
A21: Conditions - Credit (18) | B21: 25 | C21: 0.36 | D21: 9
A22: Conditions - Compliance (20) | B22: 22.5 | C22: 0.4 | D22: 9
A23: Other | B23: 3 | C23: 3 | D23: 9
A24: Points Per Day | E24: =(E13*C13) | F24: =(F13*C13) | G24: =(G13*C13) | H24: =(H13*C13) | I24: =(I13*C13) | J24: =(J13*C13) | K24: =(K13*C13) | L24: =(L13*C13) | M24: =(M13*C13) | N24: =(N13*C13) | O24: =(O13*C13) | P24: =(P13*C13) | Q24: =(Q13*C13) | R24: =(R13*C13) | S24: =(S13*C13) | T24: =(T13*C13) | U24: =(U13*C13) | V24: =(V13*C13) | Y24: =(Y13*C13) | Z24: =(Z13*C13) | AA24: =(AA13*C13) | AB24: =(AB13*C13) | AC24: =(AC13*C13) | AE24: =SUM(E24:AD24)
A25: Actual Hours Worked | AE25: =SUM(E25:AD25)
A26: Hours Worked (Adjusted as per day target) | AE26: =SUM(E26:AD26)
A27: Approved PTO | E27: 0 | F27: 0 | G27: 0 | H27: 0 | I27: 0 | J27: 0 | K27: 0 | L27: 0 | M27: 0 | N27: 0 | O27: 0 | P27: 0 | Q27: 0 | R27: 0 | S27: 0 | T27: 0 | U27: 0 | V27: 0 | W27: 0 | X27: 0 | Y27: 0 | Z27: 0 | AA27: 0 | AB27: 0 | AC27: 0 | AD27: 0 | AE27: =SUM(E27:AD27)
A28: Producticity % | AE28: =AE24/AE26
A30: Unproductive Time Explanation
A31: Date | B31: Reason | C31: Hours

Sheet Anthony Kaleb
A1: Process | B1: Per Day Target | C1: Hourly Target | D1: Hours/Day | E1: 02/02 | F1: 02/03 | G1: 02/04 | H1: 02/05 | I1: 02/06 | J1: 02/07 | K1: 02/09 | L1: 02/10 | M1: 02/11 | N1: 02/12 | O1: 02/13 | P1: 02/14 | Q1: 02/15 | R1: 02/16 | S1: 02/17 | T1: 02/18 | U1: 02/19 | V1: 02/20 | W1: 02/21 | X1: 02/22 | Y1: 02/23 | Z1: 02/24 | AA1: 02/25 | AB1: 02/26 | AC1: 02/27 | AD1: 02/28 | AE1: MTD Production
A2: Infinity - Loan Setup - Non-QM | B2: 6 | C2: 1.5 | D2: 9
A3: Infinity - Credit - Non-QM | B3: 5 | C3: 1.8 | D3: 9
A4: Infinity - Compliance - Non-QM | B4: 7 | C4: 1.29 | D4: 9
A5: Infinity - Credit QC - Non-QM | B5: 6 | C5: 1.5 | D5: 9
A6: Infinity - Compliance QC - Non-QM | B6: 13 | C6: 0.69 | D6: 9 | E6: 4 | F6: 2 | G6: 0 | H6: 1 | I6: 2 | J6: 0 | K6: 1 | L6: 13 | M6: 13 | N6: 20 | O6: 11 | P6: 0 | Q6: 0 | R6: 11 | S6: 2 | T6: 2 | U6: 3 | V6: 0 | W6: 0 | X6: 0 | Y6: 10 | Z6: 13 | AA6: 8 | AB6: 10 | AC6: 2 | AD6: 0
A7: Infinity -PreClose Loan Setup | B7: 6 | C7: 1.5 | D7: 9
A8: Infinity -PreClose Credit | B8: 6 | C8: 1.5 | D8: 9
A9: Infinity -PreClose Credit QC | B9: 7 | C9: 1.29 | D9: 9
A10: Infinity - Review | B10: 3 | C10: 3 | D10: 9
A11: Infinity - QC | B11: 4 | C11: 2.25 | D11: 9
A13: Canopy - Credit | B13: 3 | C13: 3 | D13: 9
A14: Canopy - Credit- Deephaven | B14: 2 | C14: 4.5 | D14: 9
A15: Canopy - Compliance | B15: 6 | C15: 1.5 | D15: 9
A16: Agency - Credit QC | B16: 8 | C16: 1.3 | D16: 9
A17: Agency - Compliance QC | B17: 13 | C17: 0.69 | D17: 9
A18: Schwab - Credit | B18: 2.5 | C18: 3.6 | D18: 9
A19: Schwab - Credit QC | B19: 5 | C19: 1.8 | D19: 9
... A21: Conditions - Credit (18) | B21: 25 | C21: 0.36 | D21: 9
A22: Conditions - Compliance (20) | B22: 22.5 | C22: 0.4 | D22: 9 | E22: 2 | F22: 0 | G22: 0 | H22: 2 | I22: 0 | J22: 0 | K22: 1 | L22: 2 | M22: 3 | N22: 1 | O22: 0 | P22: 0 | Q22: 0 | R22: 2 | S22: 0 | T22: 0 | U22: 0 | V22: 0 | W22: 0 | X22: 0 | Y22: 0 | Z22: 0 | AA22: 0 | AB22: 0 | AC22: 0 | AD22: 0
A23: Other | B23: 3 | C23: 3 | D23: 9
A24: Points Per Day | E24: =(E6*C6)+(E22*C22) | F24: =(F6*C6) | H24: =(H6*C6)+(H22*C22) | I24: =(I6*C6) | K24: =(K6*C6)+(K22*C22) | L24: =(L6*C6)+(L22*C22) | M24: =(M6*C6)+(M22*C22) | N24: =(N6*C6)+(N22*C22) | O24: =(O6*C6) | R24: =(R6*C6)+(R22*C22) | S24: =(S6*C6) | T24: =(T6*C6) | U24: =(U6*C6) | Y24: =(Y6*C6) | Z24: =(Z6*C6) | AA24: =(AA6*C6) | AB24: =(AB6*C6) | AC24: =(AC6*C6) | AE24: =SUM(E24:AD24)
A25: Actual Hours Worked | AE25: =SUM(E25:AD25)
A26: Hours Worked (Adjusted as per day target) | AE26: =SUM(E26:AD26)
A27: Approved PTO | E27: 0 | F27: 0 | G27: 0 | H27: 0 | I27: 0 | J27: 0 | K27: 0 | L27: 0 | M27: 0 | N27: 0 | O27: 0 | P27: 0 | Q27: 0 | R27: 0 | S27: 0 | T27: 0 | U27: 0 | V27: 0 | W27: 0 | X27: 0 | Y27: 0 | Z27: 0 | AA27: 0 | AB27: 0 | AC27: 0 | AD27: 0 | AE27: =SUM(E27:AD27)
A28: Producticity % | AE28: =AE24/AE26
A30: Unproductive Time Explanation
A31: Date | B31: Reason | C31: Hours

Sheet Asher Ryder
A1: Process | B1: Per Day Target | C1: Hourly Target | D1: Hours/Day | E1: 02/02 | F1: 02/03 | G1: 02/04 | H1: 02/05 | I1: 02/06 | J1: 02/07 | K1: 02/09 | L1: 02/10 | M1: 02/11 | N1: 02/12 | O1: 02/13 | P1: 02/14 | Q1: 02/15 | R1: 02/16 | S1: 02/17 | T1: 02/18 | U1: 02/19 | V1: 02/20 | W1: 02/21 | X1: 02/22 | Y1: 02/23 | Z1: 02/24 | AA1: 02/25 | AB1: 02/26 | AC1: 02/27 | AD1: 02/28 | AE1: MTD Production
A2: Infinity - Loan Setup - Non-QM | B2: 6 | C2: 1.5 | D2: 9
A3: Infinity - Credit - Non-QM | B3: 5 | C3: 1.8 | D3: 9
A4: Infinity - Compliance - Non-QM | B4: 7 | C4: 1.29 | D4: 9
A5: Infinity - Credit QC - Non-QM | B5: 6 | C5: 1.5 | D5: 9
A6: Infinity - Compliance QC - Non-QM | B6: 13 | C6: 0.69 | D6: 9
A7: Infinity -PreClose Loan Setup | B7: 6 | C7: 1.5 | D7: 9
A8: Infinity -PreClose Credit | B8: 6 | C8: 1.5 | D8: 9
A9: Infinity -PreClose Credit QC | B9: 7 | C9: 1.29 | D9: 9
A10: Infinity - Review | B10: 3 | C10: 3 | D10: 9
A11: Infinity - QC | B11: 4 | C11: 2.25 | D11: 9
A13: Canopy - Credit | B13: 3 | C13: 3 | D13: 9 | E13: 1 | F13: 2 | G13: 4 | H13: 2 | I13: 3 | J13: 3 | K13: 0 | L13: 1 | M13: 0 | N13: 0 | O13: 0 | P13: 0 | Q13: 0 | R13: 0 | S13: 0 | T13: 0 | U13: 1 | V13: 0 | W13: 4 | X13: 3 | Y13: 1 | Z13: 2 | AA13: 1 | AB13: 2 | AC13: 0 | AD13: 3
A14: Canopy - Credit- Deephaven | B14: 2 | C14: 4.5 | D14: 9
A15: Canopy - Compliance | B15: 6 | C15: 1.5 | D15: 9
A16: Agency - Credit QC | B16: 8 | C16: 1.3 | D16: 9
A17: Agency - Compliance QC | B17: 13 | C17: 0.69 | D17: 9
A18: Schwab - Credit | B18: 2.5 | C18: 3.6 | D18: 9
A19: Schwab - Credit QC | B19: 5 | C19: 1.8 | D19: 9
A20: Griffin Pre - Credit | B20: 4 | C20: 2.25 | D20: 9
A21: Conditions - Credit (18) | B21: 25 | C21: 0.36 | D21: 9
A22: Conditions - Compliance (20) | B22: 22.5 | C22: 0.4 | D22: 9
A23: Other | B23: 3 | C23: 3 | D23: 9
A24: Points Per Day | E24: =(E13*C13) | F24: =(F13*C13) | G24: =(G13*C13) | H24: =(H13*C13) | I24: =(I13*C13) | J24: =(J13*C13) | L24: =(L13*C13) | U24: =(U13*C13) | W24: =(W13*C13) | X24: =(X13*C13) | Y24: =(Y13*C13) | Z24: =(Z13*C13) | AA24: =(AA13*C13) | AB24: =(AB13*C13) | AD24: =(AD13*C13) | AE24: =SUM(E24:AD24)
A25: Actual Hours Worked | AE25: =SUM(E25:AD25)
A26: Hours Worked (Adjusted as per day target) | AE26: =SUM(E26:AD26)
A27: Approved PTO | E27: 0 | F27: 0 | G27: 0 | H27: 0 | I27: 0 | J27: 0 | K27: 0 | L27: 0 | M27: 0 | N27: 0 | O27: 0 | P27: 0 | Q27: 0 | R27: 0 | S27: 0 | T27: 0 | U27: 0 | V27: 0 | W27: 0 | X27: 0 | Y27: 0 | Z27: 0 | AA27: 0 | AB27: 0 | AC27: 0 | AD27: 0 | AE27: =SUM(E27:AD27)
A28: Producticity % | AE28: =AE24/AE26
A30: Unproductive Time Explanation
A31: Date | B31: Reason | C31: Hours

Sheet Ashley Megan
A1: Process | B1: Per Day Target | C1: Hourly Target | D1: Hours/Day | E1: 02/02 | F1: 02/03 | G1: 02/04 | H1: 02/05 | I1: 02/06 | J1: 02/07 | K1: 02/09 | L1: 02/10 | M1: 02/11 | N1: 02/12 | O1: 02/13 | P1: 02/14 | Q1: 02/15 | R1: 02/16 | S1: 02/17 | T1: 02/18 | U1: 02/19 | V1: 02/20 | W1: 02/21 | X1: 02/22 | Y1: 02/23 | Z1: 02/24 | AA1: 02/25 | AB1: 02/26 | AC1: 02/27 | AD1: 02/28 | AE1: MTD Production
A2: Infinity - Loan Setup - Non-QM | B2: 6 | C2: 1.5 | D2: 9
A3: Infinity - Credit - Non-QM | B3: 5 | C3: 1.8 | D3: 9
A4: Infinity - Compliance - Non-QM | B4: 7 | C4: 1.29 | D4: 9
A5: Infinity - Credit QC - Non-QM | B5: 6 | C5: 1.5 | D5: 9
A6: Infinity - Compliance QC - Non-QM | B6: 13 | C6: 0.69 | D6: 9
A7: Infinity -PreClose Loan Setup | B7: 6 | C7: 1.5 | D7: 9
A8: Infinity -PreClose Credit | B8: 6 | C8: 1.5 | D8: 9
A9: Infinity -PreClose Credit QC | B9: 7 | C9: 1.29 | D9: 9
A10: Infinity - Review | B10: 3 | C10: 3 | D10: 9
A11: Infinity - QC | B11: 4 | C11: 2.25 | D11: 9
A13: Canopy - Credit | B13: 3 | C13: 3 | D13: 9 | E13: 3 | F13: 3 | G13: 1 | H13: 3 | I13: 3 | J13: 0 | K13: 2 | L13: 3 | M13: 3 | N13: 3 | O13: 3 | P13: 0 | Q13: 0 | R13: 3 | S13: 4 | T13: 3 | U13: 3 | V13: 3 | W13: 0 | X13: 0 | Y13: 3 | Z13: 3 | AA13: 3 | AB13: 3 | AC13: 3 | AD13: 0
A14: Canopy - Credit- Deephaven | B14: 2 | C14: 4.5 | D14: 9
A15: Canopy - Compliance | B15: 6 | C15: 1.5 | D15: 9
A16: Agency - Credit QC | B16: 8 | C16: 1.3 | D16: 9
A17: Agency - Compliance QC | B17: 13 | C17: 0.69 | D17: 9
A18: Schwab - Credit | B18: 2.5 | C18: 3.6 | D18: 9
A19: Schwab - Credit QC | B19: 5 | C19: 1.8 | D19: 9
A20: Griffin Pre - Credit | B20: 4 | C20: 2.25 | D20: 9
A21: Conditions - Credit (18) | B21: 25 | C21: 0.36 | D21: 9
A22: Conditions - Compliance (20) | B22: 22.5 | C22: 0.4 | D22: 9
A23: Other | B23: 3 | C23: 3 | D23: 9
A24: Points Per Day | E24: =(E13*C13) | F24: =(F13*C13) | G24: =(G13*C13) | H24: =(H13*C13) | I24: =(I13*C13) | K24: =(K13*C13) | L24: =(L13*C13) | M24: =(M13*C13) | N24: =(N13*C13) | O24: =(O13*C13) | R24: =(R13*C13) | S24: =(S13*C13) | T24: =(T13*C13) | U24: =(U13*C13) | V24: =(V13*C13) | Y24: =(Y13*C13) | Z24: =(Z13*C13) | AA24: =(AA13*C13) | AB24: =(AB13*C13) | AC24: =(AC13*C13) | AE24: =SUM(E24:AD24)
A25: Actual Hours Worked | AE25: =SUM(E25:AD25)
A26: Hours Worked (Adjusted as per day target) | AE26: =SUM(E26:AD26)
A27: Approved PTO | E27: 0 | F27: 0 | G27: 0 | H27: 0 | I27: 0 | J27: 0 | K27: 0 | L27: 0 | M27: 0 | N27: 0 | O27: 0 | P27: 0 | Q27: 0 | R27: 0 | S27: 0 | T27: 0 | U27: 0 | V27: 0 | W27: 0 | X27: 0 | Y27: 0 | Z27: 0 | AA27: 0 | AB27: 0 | AC27: 0 | AD27: 0 | AE27: =SUM(E27:AD27)
A28: Producticity % | AE28: =AE24/AE26
A30: Unproductive Time Explanation
A31: Date | B31: Reason | C31: Hours

Sheet Austen Brody
A1: Process | B1: Per Day Target | C1: Hourly Target | D1: Hours/Day | E1: 02/02 | F1: 02/03 | G1: 02/04 | H1: 02/05 | I1: 02/06 | J1: 02/07 | K1: 02/09 | L1: 02/10 | M1: 02/11 | N1: 02/12 | O1: 02/13 | P1: 02/14 | Q1: 02/15 | R1: 02/16 | S1: 02/17 | T1: 02/18 | U1: 02/19 | V1: 02/20 | W1: 02/21 | X1: 02/22 | Y1: 02/23 | Z1: 02/24 | AA1: 02/25 | AB1: 02/26 | AC1: 02/27 | AD1: 02/28 | AE1: MTD Production
A2: Infinity - Loan Setup - Non-QM | B2: 6 | C2: 1.5 | D2: 9
A3: Infinity - Credit - Non-QM | B3: 5 | C3: 1.8 | D3: 9
A4: Infinity - Compliance - Non-QM | B4: 7 | C4: 1.29 | D4: 9 | E4: 3 | F4: 1 | G4: 0 | H4: 0 | I4: 1 | J4: 0 | K4: 0 | L4: 0 | M4: 0 | N4: 0 | O4: 0 | P4: 0 | Q4: 0 | R4: 0 | S4: 0 | T4: 0 | U4: 0 | V4: 0 | W4: 0 | X4: 0 | Y4: 0 | Z4: 0 | AA4: 0 | AB4: 0 | AC4: 0 | AD4: 0
A5: Infinity - Credit QC - Non-QM | B5: 6 | C5: 1.5 | D5: 9
A6: Infinity - Compliance QC - Non-QM | B6: 13 | C6: 0.69 | D6: 9
A7: Infinity -PreClose Loan Setup | B7: 6 | C7: 1.5 | D7: 9
A8: Infinity -PreClose Credit | B8: 6 | C8: 1.5 | D8: 9
A9: Infinity -PreClose Credit QC | B9: 7 | C9: 1.29 | D9: 9
A10: Infinity - Review | B10: 3 | C10: 3 | D10: 9
A11: Infinity - QC | B11: 4 | C11: 2.25 | D11: 9
A13: Canopy - Credit | B13: 3 | C13: 3 | D13: 9
A14: Canopy - Credit- Deephaven | B14: 2 | C14: 4.5 | D14: 9
A15: Canopy - Compliance | B15: 6 | C15: 1.5 | D15: 9
A16: Agency - Credit QC | B16: 8 | C16: 1.3 | D16: 9
A17: Agency - Compliance QC | B17: 13 | C17: 0.69 | D17: 9
... A23: Other | B23: 3 | C23: 3 | D23: 9
A24: Points Per Day | E24: =(E4*C4) | F24: =(F4*C4) | I24: =(I4*C4) | AE24: =SUM(E24:AD24)
A25: Actual Hours Worked | AE25: =SUM(E25:AD25)
A26: Hours Worked (Adjusted as per day target) | AE26: =SUM(E26:AD26)
A27: Approved PTO | E27: 0 | F27: 0 | G27: 0 | H27: 0 | I27: 0 | J27: 0 | K27: 0 | L27: 0 | M27: 0 | N27: 0 | O27: 0 | P27: 0 | Q27: 0 | R27: 0 | S27: 0 | T27: 0 | U27: 0 | V27: 0 | W27: 0 | X27: 0 | Y27: 0 | Z27: 0 | AA27: 0 | AB27: 0 | AC27: 0 | AD27: 0 | AE27: =SUM(E27:AD27)
A28: Producticity % | AE28: =AE24/AE26
A30: Unproductive Time Explanation
A31: Date | B31: Reason | C31: Hours

Sheet Austin Christopher
A1: Process | B1: Per Day Target | C1: Hourly Target | D1: Hours/Day | E1: 02/02 | F1: 02/03 | G1: 02/04 | H1: 02/05 | I1: 02/06 | J1: 02/07 | K1: 02/09 | L1: 02/10 | M1: 02/11 | N1: 02/12 | O1: 02/13 | P1: 02/14 | Q1: 02/15 | R1: 02/16 | S1: 02/17 | T1: 02/18 | U1: 02/19 | V1: 02/20 | W1: 02/21 | X1: 02/22 | Y1: 02/23 | Z1: 02/24 | AA1: 02/25 | AB1: 02/26 | AC1: 02/27 | AD1: 02/28 | AE1: MTD Production
A2: Infinity - Loan Setup - Non-QM | B2: 6 | C2: 1.5 | D2: 9
A3: Infinity - Credit - Non-QM | B3: 5 | C3: 1.8 | D3: 9
A4: Infinity - Compliance - Non-QM | B4: 7 | C4: 1.29 | D4: 9
A5: Infinity - Credit QC - Non-QM | B5: 6 | C5: 1.5 | D5: 9
A6: Infinity - Compliance QC - Non-QM | B6: 13 | C6: 0.69 | D6: 9
A7: Infinity -PreClose Loan Setup | B7: 6 | C7: 1.5 | D7: 9
A8: Infinity -PreClose Credit | B8: 6 | C8: 1.5 | D8: 9
A9: Infinity -PreClose Credit QC | B9: 7 | C9: 1.29 | D9: 9
A10: Infinity - Review | B10: 3 | C10: 3 | D10: 9
A11: Infinity - QC | B11: 4 | C11: 2.25 | D11: 9
A13: Canopy - Credit | B13: 3 | C13: 3 | D13: 9 | E13: 1 | F13: 1 | G13: 1 | H13: 0 | I13: 1 | J13: 0 | K13: 2 | L13: 1 | M13: 1 | N13: 1 | O13: 1 | P13: 0 | Q13: 0 | R13: 1 | S13: 1 | T13: 1 | U13: 0 | V13: 1 | W13: 0 | X13: 0 | Y13: 1 | Z13: 1 | AA13: 1 | AB13: 1 | AC13: 1 | AD13: 0
A14: Canopy - Credit- Deephaven | B14: 2 | C14: 4.5 | D14: 9
A15: Canopy - Compliance | B15: 6 | C15: 1.5 | D15: 9
A16: Agency - Credit QC | B16: 8 | C16: 1.3 | D16: 9
A17: Agency - Compliance QC | B17: 13 | C17: 0.69 | D17: 9
A18: Schwab - Credit | B18: 2.5 | C18: 3.6 | D18: 9
A19: Schwab - Credit QC | B19: 5 | C19: 1.8 | D19: 9
A20: Griffin Pre - Credit | B20: 4 | C20: 2.25 | D20: 9
A21: Conditions - Credit (18) | B21: 25 | C21: 0.36 | D21: 9
A22: Conditions - Compliance (20) | B22: 22.5 | C22: 0.4 | D22: 9
A23: Other | B23: 3 | C23: 3 | D23: 9
A24: Points Per Day | E24: =(E13*C13) | F24: =(F13*C13) | G24: =(G13*C13) | I24: =(I13*C13) | K24: =(K13*C13) | L24: =(L13*C13) | M24: =(M13*C13) | N24: =(N13*C13) | O24: =(O13*C13) | R24: =(R13*C13) | S24: =(S13*C13) | T24: =(T13*C13) | V24: =(V13*C13) | Y24: =(Y13*C13) | Z24: =(Z13*C13) | AA24: =(AA13*C13) | AB24: =(AB13*C13) | AC24: =(AC13*C13) | AE24: =SUM(E24:AD24)
A25: Actual Hours Worked | AE25: =SUM(E25:AD25)
A26: Hours Worked (Adjusted as per day target) | AE26: =SUM(E26:AD26)
A27: Approved PTO | E27: 0 | F27: 0 | G27: 0 | H27: 0 | I27: 0 | J27: 0 | K27: 0 | L27: 0 | M27: 0 | N27: 0 | O27: 0 | P27: 0 | Q27: 0 | R27: 0 | S27: 0 | T27: 0 | U27: 0 | V27: 0 | W27: 0 | X27: 0 | Y27: 0 | Z27: 0 | AA27: 0 | AB27: 0 | AC27: 0 | AD27: 0 | AE27: =SUM(E27:AD27)
A28: Producticity % | AE28: =AE24/AE26
A30: Unproductive Time Explanation
A31: Date | B31: Reason | C31: Hours

Sheet Austin Keith
A1: Process | B1: Per Day Target | C1: Hourly Target | D1: Hours/Day | E1: 02/02 | F1: 02/03 | G1: 02/04 | H1: 02/05 | I1: 02/06 | J1: 02/07 | K1: 02/09 | L1: 02/10 | M1: 02/11 | N1: 02/12 | O1: 02/13 | P1: 02/14 | Q1: 02/15 | R1: 02/16 | S1: 02/17 | T1: 02/18 | U1: 02/19 | V1: 02/20 | W1: 02/21 | X1: 02/22 | Y1: 02/23 | Z1: 02/24 | AA1: 02/25 | AB1: 02/26 | AC1: 02/27 | AD1: 02/28 | AE1: MTD Production
A2: Infinity - Loan Setup - Non-QM | B2: 6 | C2: 1.5 | D2: 9
A3: Infinity - Credit - Non-QM | B3: 5 | C3: 1.8 | D3: 9
A4: Infinity - Compliance - Non-QM | B4: 7 | C4: 1.29 | D4: 9
A5: Infinity - Credit QC - Non-QM | B5: 6 | C5: 1.5 | D5: 9
A6: Infinity - Compliance QC - Non-QM | B6: 13 | C6: 0.69 | D6: 9
A7: Infinity -PreClose Loan Setup | B7: 6 | C7: 1.5 | D7: 9
A8: Infinity -PreClose Credit | B8: 6 | C8: 1.5 | D8: 9
A9: Infinity -PreClose Credit QC | B9: 7 | C9: 1.29 | D9: 9
A10: Infinity - Review | B10: 3 | C10: 3 | D10: 9
A11: Infinity - QC | B11: 4 | C11: 2.25 | D11: 9 | E11: 0 | F11: 0 | G11: 0 | H11: 0 | I11: 0 | J11: 0 | K11: 0 | L11: 0 | M11: 0 | N11: 0 | O11: 0 | P11: 0 | Q11: 0 | R11: 0 | S11: 1 | T11: 0 | U11: 0 | V11: 0 | W11: 0 | X11: 0 | Y11: 0 | Z11: 0 | AA11: 0 | AB11: 0 | AC11: 0 | AD11: 0
A13: Canopy - Credit | B13: 3 | C13: 3 | D13: 9
A14: Canopy - Credit- Deephaven | B14: 2 | C14: 4.5 | D14: 9
A15: Canopy - Compliance | B15: 6 | C15: 1.5 | D15: 9
A16: Agency - Credit QC | B16: 8 | C16: 1.3 | D16: 9
A17: Agency - Compliance QC | B17: 13 | C17: 0.69 | D17: 9
A18: Schwab - Credit | B18: 2.5 | C18: 3.6 | D18: 9
A19: Schwab - Credit QC | B19: 5 | C19: 1.8 | D19: 9
A20: Griffin Pre - Credit | B20: 4 | C20: 2.25 | D20: 9
A21: Conditions - Credit (18) | B21: 25 | C21: 0.36 | D21: 9
A22: Conditions - Compliance (20) | B22: 22.5 | C22: 0.4 | D22: 9
A23: Other | B23: 3 | C23: 3 | D23: 9
A24: Points Per Day | S24: =(S11*C11) | AE24: =SUM(E24:AD24)
A25: Actual Hours Worked | AE25: =SUM(E25:AD25)
A26: Hours Worked (Adjusted as per day target) | AE26: =SUM(E26:AD26)
A27: Approved PTO | E27: 0 | F27: 0 | G27: 0 | H27: 0 | I27: 0 | J27: 0 | K27: 0 | L27: 0 | M27: 0 | N27: 0 | O27: 0 | P27: 0 | Q27: 0 | R27: 0 | S27: 0 | T27: 0 | U27: 0 | V27: 0 | W27: 0 | X27: 0 | Y27: 0 | Z27: 0 | AA27: 0 | AB27: 0 | AC27: 0 | AD27: 0 | AE27: =SUM(E27:AD27)
A28: Producticity % | AE28: =AE24/AE26
A30: Unproductive Time Explanation
A31: Date | B31: Reason | C31: Hours

Sheet Ayesha Selena
A1: Process | B1: Per Day Target | C1: Hourly Target | D1: Hours/Day | E1: 02/02 | F1: 02/03 | G1: 02/04 | H1: 02/05 | I1: 02/06 | J1: 02/07 | K1: 02/09 | L1: 02/10 | M1: 02/11 | N1: 02/12 | O1: 02/13 | P1: 02/14 | Q1: 02/15 | R1: 02/16 | S1: 02/17 | T1: 02/18 | U1: 02/19 | V1: 02/20 | W1: 02/21 | X1: 02/22 | Y1: 02/23 | Z1: 02/24 | AA1: 02/25 | AB1: 02/26 | AC1: 02/27 | AD1: 02/28 | AE1: MTD Production
A2: Infinity - Loan Setup - Non-QM | B2: 6 | C2: 1.5 | D2: 9
A3: Infinity - Credit - Non-QM | B3: 5 | C3: 1.8 | D3: 9 | E3: 0 | F3: 0 | G3: 0 | H3: 0 | I3: 0 | J3: 0 | K3: 0 | L3: 5 | M3: 5 | N3: 5 | O3: 3 | P3: 0 | Q3: 0 | R3: 0 | S3: 1 | T3: 0 | U3: 0 | V3: 0 | W3: 0 | X3: 0 | Y3: 2 | Z3: 4 | AA3: 3 | AB3: 4 | AC3: 3 | AD3: 0
A4: Infinity - Compliance - Non-QM | B4: 7 | C4: 1.29 | D4: 9
A5: Infinity - Credit QC - Non-QM | B5: 6 | C5: 1.5 | D5: 9
A6: Infinity - Compliance QC - Non-QM | B6: 13 | C6: 0.69 | D6: 9
A7: Infinity -PreClose Loan Setup | B7: 6 | C7: 1.5 | D7: 9
A8: Infinity -PreClose Credit | B8: 6 | C8: 1.5 | D8: 9 | E8: 1 | F8: 1 | G8: 1 | H8: 0 | I8: 1 | J8: 0 | K8: 0 | L8: 0 | M8: 0 | N8: 0 | O8: 0 | P8: 0 | Q8: 0 | R8: 1 | S8: 0 | T8: 1 | U8: 0 | V8: 1 | W8: 0 | X8: 0 | Y8: 1 | Z8: 0 | AA8: 1 | AB8: 0 | AC8: 1 | AD8: 0
A9: Infinity -PreClose Credit QC | B9: 7 | C9: 1.29 | D9: 9
A10: Infinity - Review | B10: 3 | C10: 3 | D10: 9
A11: Infinity - QC | B11: 4 | C11: 2.25 | D11: 9
A13: Canopy - Credit | B13: 3 | C13: 3 | D13: 9
A14: Canopy - Credit- Deephaven | B14: 2 | C14: 4.5 | D14: 9
A15: Canopy - Compliance | B15: 6 | C15: 1.5 | D15: 9
A16: Agency - Credit QC | B16: 8 | C16: 1.3 | D16: 9
A17: Agency - Compliance QC | B17: 13 | C17: 0.69 | D17: 9
A18: Schwab - Credit | B18: 2.5 | C18: 3.6 | D18: 9
A19: Schwab - Credit QC | B19: 5 | C19: 1.8 | D19: 9
A20: Griffin Pre - Credit | B20: 4 | C20: 2.25 | D20: 9
A21: Conditions - Credit (18) | B21: 25 | C21: 0.36 | D21: 9
... A23: Other | B23: 3 | C23: 3 | D23: 9
A24: Points Per Day | E24: =(E8*C8) | F24: =(F8*C8) | G24: =(G8*C8) | I24: =(I8*C8) | L24: =(L3*C3) | M24: =(M3*C3) | N24: =(N3*C3) | O24: =(O3*C3) | R24: =(R8*C8) | S24: =(S3*C3) | T24: =(T8*C8) | V24: =(V8*C8) | Y24: =(Y3*C3)+(Y8*C8) | Z24: =(Z3*C3) | AA24: =(AA3*C3)+(AA8*C8) | AB24: =(AB3*C3) | AC24: =(AC3*C3)+(AC8*C8) | AE24: =SUM(E24:AD24)
A25: Actual Hours Worked | AE25: =SUM(E25:AD25)
A26: Hours Worked (Adjusted as per day target) | AE26: =SUM(E26:AD26)
A27: Approved PTO | E27: 0 | F27: 0 | G27: 0 | H27: 0 | I27: 0 | J27: 0 | K27: 0 | L27: 0 | M27: 0 | N27: 0 | O27: 0 | P27: 0 | Q27: 0 | R27: 0 | S27: 0 | T27: 0 | U27: 0 | V27: 0 | W27: 0 | X27: 0 | Y27: 0 | Z27: 0 | AA27: 0 | AB27: 0 | AC27: 0 | AD27: 0 | AE27: =SUM(E27:AD27)
A28: Producticity % | AE28: =AE24/AE26
A30: Unproductive Time Explanation
A31: Date | B31: Reason | C31: Hours

Sheet Barry Rabi
A1: Process | B1: Per Day Target | C1: Hourly Target | D1: Hours/Day | E1: 02/02 | F1: 02/03 | G1: 02/04 | H1: 02/05 | I1: 02/06 | J1: 02/07 | K1: 02/09 | L1: 02/10 | M1: 02/11 | N1: 02/12 | O1: 02/13 | P1: 02/14 | Q1: 02/15 | R1: 02/16 | S1: 02/17 | T1: 02/18 | U1: 02/19 | V1: 02/20 | W1: 02/21 | X1: 02/22 | Y1: 02/23 | Z1: 02/24 | AA1: 02/25 | AB1: 02/26 | AC1: 02/27 | AD1: 02/28 | AE1: MTD Production
A2: Infinity - Loan Setup - Non-QM | B2: 6 | C2: 1.5 | D2: 9
A3: Infinity - Credit - Non-QM | B3: 5 | C3: 1.8 | D3: 9
A4: Infinity - Compliance - Non-QM | B4: 7 | C4: 1.29 | D4: 9
A5: Infinity - Credit QC - Non-QM | B5: 6 | C5: 1.5 | D5: 9 | E5: 0 | F5: 1 | G5: 0 | H5: 0 | I5: 0 | J5: 0 | K5: 0 | L5: 6 | M5: 6 | N5: 7 | O5: 5 | P5: 0 | Q5: 0 | R5: 1 | S5: 1 | T5: 0 | U5: 1 | V5: 0 | W5: 0 | X5: 0 | Y5: 0 | Z5: 5 | AA5: 5 | AB5: 5 | AC5: 4 | AD5: 0
A6: Infinity - Compliance QC - Non-QM | B6: 13 | C6: 0.69 | D6: 9
A7: Infinity -PreClose Loan Setup | B7: 6 | C7: 1.5 | D7: 9
A8: Infinity -PreClose Credit | B8: 6 | C8: 1.5 | D8: 9
A9: Infinity -PreClose Credit QC | B9: 7 | C9: 1.29 | D9: 9 | E9: 1 | F9: 0 | G9: 4 | H9: 1 | I9: 0 | J9: 0 | K9: 0 | L9: 0 | M9: 0 | N9: 0 | O9: 1 | P9: 0 | Q9: 0 | R9: 0 | S9: 0 | T9: 1 | U9: 2 | V9: 1 | W9: 0 | X9: 0 | Y9: 0 | Z9: 1 | AA9: 1 | AB9: 1 | AC9: 2 | AD9: 0
A10: Infinity - Review | B10: 3 | C10: 3 | D10: 9
A11: Infinity - QC | B11: 4 | C11: 2.25 | D11: 9
A13: Canopy - Credit | B13: 3 | C13: 3 | D13: 9 | E13: 0 | F13: 0 | G13: 0 | H13: 0 | I13: 0 | J13: 0 | K13: 0 | L13: 0 | M13: 0 | N13: 0 | O13: 0 | P13: 0 | Q13: 0 | R13: 0 | S13: 0 | T13: 0 | U13: 0 | V13: 0 | W13: 0 | X13: 0 | Y13: 0 | Z13: 0 | AA13: 0 | AB13: 0 | AC13: 0 | AD13: 3
A14: Canopy - Credit- Deephaven | B14: 2 | C14: 4.5 | D14: 9
A15: Canopy - Compliance | B15: 6 | C15: 1.5 | D15: 9
A16: Agency - Credit QC | B16: 8 | C16: 1.3 | D16: 9
A17: Agency - Compliance QC | B17: 13 | C17: 0.69 | D17: 9
A18: Schwab - Credit | B18: 2.5 | C18: 3.6 | D18: 9
A19: Schwab - Credit QC | B19: 5 | C19: 1.8 | D19: 9
A20: Griffin Pre - Credit | B20: 4 | C20: 2.25 | D20: 9
A21: Conditions - Credit (18) | B21: 25 | C21: 0.36 | D21: 9
A22: Conditions - Compliance (20) | B22: 22.5 | C22: 0.4 | D22: 9
A23: Other | B23: 3 | C23: 3 | D23: 9
A24: Points Per Day | E24: =(E9*C9) | F24: =(F5*C5) | G24: =(G9*C9) | H24: =(H9*C9) | L24: =(L5*C5) | M24: =(M5*C5) | N24: =(N5*C5) | O24: =(O5*C5)+(O9*C9) | R24: =(R5*C5) | S24: =(S5*C5) | T24: =(T9*C9) | U24: =(U5*C5)+(U9*C9) | V24: =(V9*C9) | Z24: =(Z5*C5)+(Z9*C9) | AA24: =(AA5*C5)+(AA9*C9) | AB24: =(AB5*C5)+(AB9*C9) | AC24: =(AC5*C5)+(AC9*C9) | AD24: =(AD13*C13) | AE24: =SUM(E24:AD24)
A25: Actual Hours Worked | AE25: =SUM(E25:AD25)
A26: Hours Worked (Adjusted as per day target) | AE26: =SUM(E26:AD26)
A27: Approved PTO | E27: 0 | F27: 0 | G27: 0 | H27: 0 | I27: 0 | J27: 0 | K27: 0 | L27: 0 | M27: 0 | N27: 0 | O27: 0 | P27: 0 | Q27: 0 | R27: 0 | S27: 0 | T27: 0 | U27: 0 | V27: 0 | W27: 0 | X27: 0 | Y27: 0 | Z27: 0 | AA27: 0 | AB27: 0 | AC27: 0 | AD27: 0 | AE27: =SUM(E27:AD27)
A28: Producticity % | AE28: =AE24/AE26
A30: Unproductive Time Explanation
A31: Date | B31: Reason | C31: Hours

Sheet Belinda Usmon
A1: Process | B1: Per Day Target | C1: Hourly Target | D1: Hours/Day | E1: 02/02 | F1: 02/03 | G1: 02/04 | H1: 02/05 | I1: 02/06 | J1: 02/07 | K1: 02/09 | L1: 02/10 | M1: 02/11 | N1: 02/12 | O1: 02/13 | P1: 02/14 | Q1: 02/15 | R1: 02/16 | S1: 02/17 | T1: 02/18 | U1: 02/19 | V1: 02/20 | W1: 02/21 | X1: 02/22 | Y1: 02/23 | Z1: 02/24 | AA1: 02/25 | AB1: 02/26 | AC1: 02/27 | AD1: 02/28 | AE1: MTD Production
A2: Infinity - Loan Setup - Non-QM | B2: 6 | C2: 1.5 | D2: 9
A3: Infinity - Credit - Non-QM | B3: 5 | C3: 1.8 | D3: 9
A4: Infinity - Compliance - Non-QM | B4: 7 | C4: 1.29 | D4: 9
A5: Infinity - Credit QC - Non-QM | B5: 6 | C5: 1.5 | D5: 9
A6: Infinity - Compliance QC - Non-QM | B6: 13 | C6: 0.69 | D6: 9
A7: Infinity -PreClose Loan Setup | B7: 6 | C7: 1.5 | D7: 9
A8: Infinity -PreClose Credit | B8: 6 | C8: 1.5 | D8: 9
A9: Infinity -PreClose Credit QC | B9: 7 | C9: 1.29 | D9: 9
A10: Infinity - Review | B10: 3 | C10: 3 | D10: 9
A11: Infinity - QC | B11: 4 | C11: 2.25 | D11: 9
A13: Canopy - Credit | B13: 3 | C13: 3 | D13: 9 | E13: 0 | F13: 0 | G13: 1 | H13: 0 | I13: 0 | J13: 0 | K13: 0 | L13: 3 | M13: 0 | N13: 2 | O13: 3 | P13: 0 | Q13: 0 | R13: 0 | S13: 3 | T13: 3 | U13: 3 | V13: 0 | W13: 0 | X13: 0 | Y13: 3 | Z13: 3 | AA13: 3 | AB13: 3 | AC13: 3 | AD13: 0
A14: Canopy - Credit- Deephaven | B14: 2 | C14: 4.5 | D14: 9
A15: Canopy - Compliance | B15: 6 | C15: 1.5 | D15: 9
A16: Agency - Credit QC | B16: 8 | C16: 1.3 | D16: 9
A17: Agency - Compliance QC | B17: 13 | C17: 0.69 | D17: 9
A18: Schwab - Credit | B18: 2.5 | C18: 3.6 | D18: 9
A19: Schwab - Credit QC | B19: 5 | C19: 1.8 | D19: 9
A20: Griffin Pre - Credit | B20: 4 | C20: 2.25 | D20: 9
A21: Conditions - Credit (18) | B21: 25 | C21: 0.36 | D21: 9
A22: Conditions - Compliance (20) | B22: 22.5 | C22: 0.4 | D22: 9
A23: Other | B23: 3 | C23: 3 | D23: 9
A24: Points Per Day | G24: =(G13*C13) | L24: =(L13*C13) | N24: =(N13*C13) | O24: =(O13*C13) | S24: =(S13*C13) | T24: =(T13*C13) | U24: =(U13*C13) | Y24: =(Y13*C13) | Z24: =(Z13*C13) | AA24: =(AA13*C13) | AB24: =(AB13*C13) | AC24: =(AC13*C13) | AE24: =SUM(E24:AD24)
A25: Actual Hours Worked | AE25: =SUM(E25:AD25)
A26: Hours Worked (Adjusted as per day target) | AE26: =SUM(E26:AD26)
A27: Approved PTO | E27: 0 | F27: 0 | G27: 0 | H27: 0 | I27: 0 | J27: 0 | K27: 0 | L27: 0 | M27: 0 | N27: 0 | O27: 0 | P27: 0 | Q27: 0 | R27: 0 | S27: 0 | T27: 0 | U27: 0 | V27: 0 | W27: 0 | X27: 0 | Y27: 0 | Z27: 0 | AA27: 0 | AB27: 0 | AC27: 0 | AD27: 0 | AE27: =SUM(E27:AD27)
A28: Producticity % | AE28: =AE24/AE26
A30: Unproductive Time Explanation
A31: Date | B31: Reason | C31: Hours

Sheet Benjamin Ralph
A1: Process | B1: Per Day Target | C1: Hourly Target | D1: Hours/Day | E1: 02/02 | F1: 02/03 | G1: 02/04 | H1: 02/05 | I1: 02/06 | J1: 02/07 | K1: 02/09 | L1: 02/10 | M1: 02/11 | N1: 02/12 | O1: 02/13 | P1: 02/14 | Q1: 02/15 | R1: 02/16 | S1: 02/17 | T1: 02/18 | U1: 02/19 | V1: 02/20 | W1: 02/21 | X1: 02/22 | Y1: 02/23 | Z1: 02/24 | AA1: 02/25 | AB1: 02/26 | AC1: 02/27 | AD1: 02/28 | AE1: MTD Production
A2: Infinity - Loan Setup - Non-QM | B2: 6 | C2: 1.5 | D2: 9
A3: Infinity - Credit - Non-QM | B3: 5 | C3: 1.8 | D3: 9
A4: Infinity - Compliance - Non-QM | B4: 7 | C4: 1.29 | D4: 9
A5: Infinity - Credit QC - Non-QM | B5: 6 | C5: 1.5 | D5: 9
A6: Infinity - Compliance QC - Non-QM | B6: 13 | C6: 0.69 | D6: 9
A7: Infinity -PreClose Loan Setup | B7: 6 | C7: 1.5 | D7: 9
A8: Infinity -PreClose Credit | B8: 6 | C8: 1.5 | D8: 9
A9: Infinity -PreClose Credit QC | B9: 7 | C9: 1.29 | D9: 9
A10: Infinity - Review | B10: 3 | C10: 3 | D10: 9
A11: Infinity - QC | B11: 4 | C11: 2.25 | D11: 9
A13: Canopy - Credit | B13: 3 | C13: 3 | D13: 9 | E13: 3 | F13: 2 | G13: 4 | H13: 3 | I13: 4 | J13: 0 | K13: 3 | L13: 0 | M13: 2 | N13: 3 | O13: 4 | P13: 0 | Q13: 0 | R13: 3 | S13: 4 | T13: 3 | U13: 3 | V13: 4 | W13: 0 | X13: 0 | Y13: 3 | Z13: 4 | AA13: 3 | AB13: 4 | AC13: 3 | AD13: 0
A14: Canopy - Credit- Deephaven | B14: 2 | C14: 4.5 | D14: 9
A15: Canopy - Compliance | B15: 6 | C15: 1.5 | D15: 9
A16: Agency - Credit QC | B16: 8 | C16: 1.3 | D16: 9
A17: Agency - Compliance QC | B17: 13 | C17: 0.69 | D17: 9
A18: Schwab - Credit | B18: 2.5 | C18: 3.6 | D18: 9
A19: Schwab - Credit QC | B19: 5 | C19: 1.8 | D19: 9
A20: Griffin Pre - Credit | B20: 4 | C20: 2.25 | D20: 9
A21: Conditions - Credit (18) | B21: 25 | C21: 0.36 | D21: 9
A22: Conditions - Compliance (20) | B22: 22.5 | C22: 0.4 | D22: 9
A23: Other | B23: 3 | C23: 3 | D23: 9
A24: Points Per Day | E24: =(E13*C13) | F24: =(F13*C13) | G24: =(G13*C13) | H24: =(H13*C13) | I24: =(I13*C13) | K24: =(K13*C13) | M24: =(M13*C13) | N24: =(N13*C13) | O24: =(O13*C13) | R24: =(R13*C13) | S24: =(S13*C13) | T24: =(T13*C13) | U24: =(U13*C13) | V24: =(V13*C13) | Y24: =(Y13*C13) | Z24: =(Z13*C13) | AA24: =(AA13*C13) | AB24: =(AB13*C13) | AC24: =(AC13*C13) | AE24: =SUM(E24:AD24)
A25: Actual Hours Worked | AE25: =SUM(E25:AD25)
A26: Hours Worked (Adjusted as per day target) | AE26: =SUM(E26:AD26)
A27: Approved PTO | E27: 0 | F27: 0 | G27: 0 | H27: 0 | I27: 0 | J27: 0 | K27: 0 | L27: 0 | M27: 0 | N27: 0 | O27: 0 | P27: 0 | Q27: 0 | R27: 0 | S27: 0 | T27: 0 | U27: 0 | V27: 0 | W27: 0 | X27: 0 | Y27: 0 | Z27: 0 | AA27: 0 | AB27: 0 | AC27: 0 | AD27: 0 | AE27: =SUM(E27:AD27)
A28: Producticity % | AE28: =AE24/AE26
A30: Unproductive Time Explanation
A31: Date | B31: Reason | C31: Hours

Sheet Beverly Ruwan
A1: Process | B1: Per Day Target | C1: Hourly Target | D1: Hours/Day | E1: 02/02 | F1: 02/03 | G1: 02/04 | H1: 02/05 | I1: 02/06 | J1: 02/07 | K1: 02/09 | L1: 02/10 | M1: 02/11 | N1: 02/12 | O1: 02/13 | P1: 02/14 | Q1: 02/15 | R1: 02/16 | S1: 02/17 | T1: 02/18 | U1: 02/19 | V1: 02/20 | W1: 02/21 | X1: 02/22 | Y1: 02/23 | Z1: 02/24 | AA1: 02/25 | AB1: 02/26 | AC1: 02/27 | AD1: 02/28 | AE1: MTD Production
A2: Infinity - Loan Setup - Non-QM | B2: 6 | C2: 1.5 | D2: 9
A3: Infinity - Credit - Non-QM | B3: 5 | C3: 1.8 | D3: 9
A4: Infinity - Compliance - Non-QM | B4: 7 | C4: 1.29 | D4: 9
A5: Infinity - Credit QC - Non-QM | B5: 6 | C5: 1.5 | D5: 9
A6: Infinity - Compliance QC - Non-QM | B6: 13 | C6: 0.69 | D6: 9
A7: Infinity -PreClose Loan Setup | B7: 6 | C7: 1.5 | D7: 9
A8: Infinity -PreClose Credit | B8: 6 | C8: 1.5 | D8: 9
A9: Infinity -PreClose Credit QC | B9: 7 | C9: 1.29 | D9: 9
A10: Infinity - Review | B10: 3 | C10: 3 | D10: 9
A11: Infinity - QC | B11: 4 | C11: 2.25 | D11: 9
A13: Canopy - Credit | B13: 3 | C13: 3 | D13: 9
A14: Canopy - Credit- Deephaven | B14: 2 | C14: 4.5 | D14: 9
A15: Canopy - Compliance | B15: 6 | C15: 1.5 | D15: 9 | E15: 7 | F15: 3 | G15: 6 | H15: 0 | I15: 0 | J15: 0 | K15: 4 | L15: 5 | M15: 6 | N15: 5 | O15: 6 | P15: 0 | Q15: 0 | R15: 11 | S15: 4 | T15: 6 | U15: 0 | V15: 0 | W15: 0 | X15: 0 | Y15: 0 | Z15: 0 | AA15: 21 | AB15: 8 | AC15: 5 | AD15: 0
A16: Agency - Credit QC | B16: 8 | C16: 1.3 | D16: 9
A17: Agency - Compliance QC | B17: 13 | C17: 0.69 | D17: 9
A18: Schwab - Credit | B18: 2.5 | C18: 3.6 | D18: 9
A19: Schwab - Credit QC | B19: 5 | C19: 1.8 | D19: 9
A20: Griffin Pre - Credit | B20: 4 | C20: 2.25 | D20: 9
A21: Conditions - Credit (18) | B21: 25 | C21: 0.36 | D21: 9
A22: Conditions - Compliance (20) | B22: 22.5 | C22: 0.4 | D22: 9
A23: Other | B23: 3 | C23: 3 | D23: 9
A24: Points Per Day | E24: =(E15*C15) | F24: =(F15*C15) | G24: =(G15*C15) | K24: =(K15*C15) | L24: =(L15*C15) | M24: =(M15*C15) | N24: =(N15*C15) | O24: =(O15*C15) | R24: =(R15*C15) | S24: =(S15*C15) | T24: =(T15*C15) | AA24: =(AA15*C15) | AB24: =(AB15*C15) | AC24: =(AC15*C15) | AE24: =SUM(E24:AD24)
A25: Actual Hours Worked | AE25: =SUM(E25:AD25)
A26: Hours Worked (Adjusted as per day target) | AE26: =SUM(E26:AD26)
A27: Approved PTO | E27: 0 | F27: 0 | G27: 0 | H27: 0 | I27: 0 | J27: 0 | K27: 0 | L27: 0 | M27: 0 | N27: 0 | O27: 0 | P27: 0 | Q27: 0 | R27: 0 | S27: 0 | T27: 0 | U27: 0 | V27: 0 | W27: 0 | X27: 0 | Y27: 0 | Z27: 0 | AA27: 0 | AB27: 0 | AC27: 0 | AD27: 0 | AE27: =SUM(E27:AD27)
A28: Producticity % | AE28: =AE24/AE26
A30: Unproductive Time Explanation
A31: Date | B31: Reason | C31: Hours

Sheet Bianca Allison
A1: Process | B1: Per Day Target | C1: Hourly Target | D1: Hours/Day | E1: 02/02 | F1: 02/03 | G1: 02/04 | H1: 02/05 | I1: 02/06 | J1: 02/07 | K1: 02/09 | L1: 02/10 | M1: 02/11 | N1: 02/12 | O1: 02/13 | P1: 02/14 | Q1: 02/15 | R1: 02/16 | S1: 02/17 | T1: 02/18 | U1: 02/19 | V1: 02/20 | W1: 02/21 | X1: 02/22 | Y1: 02/23 | Z1: 02/24 | AA1: 02/25 | AB1: 02/26 | AC1: 02/27 | AD1: 02/28 | AE1: MTD Production
A2: Infinity - Loan Setup - Non-QM | B2: 6 | C2: 1.5 | D2: 9
A3: Infinity - Credit - Non-QM | B3: 5 | C3: 1.8 | D3: 9 | E3: 0 | F3: 0 | G3: 0 | H3: 0 | I3: 0 | J3: 0 | K3: 2 | L3: 3 | M3: 5 | N3: 6 | O3: 2 | P3: 0 | Q3: 0 | R3: 1 | S3: 2 | T3: 0 | U3: 0 | V3: 0 | W3: 0 | X3: 0 | Y3: 2 | Z3: 4 | AA3: 4 | AB3: 2 | AC3: 0 | AD3: 0
A4: Infinity - Compliance - Non-QM | B4: 7 | C4: 1.29 | D4: 9
A5: Infinity - Credit QC - Non-QM | B5: 6 | C5: 1.5 | D5: 9
A6: Infinity - Compliance QC - Non-QM | B6: 13 | C6: 0.69 | D6: 9
A7: Infinity -PreClose Loan Setup | B7: 6 | C7: 1.5 | D7: 9
A8: Infinity -PreClose Credit | B8: 6 | C8: 1.5 | D8: 9 | E8: 0 | F8: 1 | G8: 2 | H8: 0 | I8: 0 | J8: 0 | K8: 0 | L8: 1 | M8: 0 | N8: 0 | O8: 0 | P8: 0 | Q8: 0 | R8: 0 | S8: 0 | T8: 1 | U8: 0 | V8: 1 | W8: 0 | X8: 0 | Y8: 1 | Z8: 0 | AA8: 0 | AB8: 1 | AC8: 0 | AD8: 0
A9: Infinity -PreClose Credit QC | B9: 7 | C9: 1.29 | D9: 9
A10: Infinity - Review | B10: 3 | C10: 3 | D10: 9
A11: Infinity - QC | B11: 4 | C11: 2.25 | D11: 9
A13: Canopy - Credit | B13: 3 | C13: 3 | D13: 9
A14: Canopy - Credit- Deephaven | B14: 2 | C14: 4.5 | D14: 9
A15: Canopy - Compliance | B15: 6 | C15: 1.5 | D15: 9
A16: Agency - Credit QC | B16: 8 | C16: 1.3 | D16: 9
A17: Agency - Compliance QC | B17: 13 | C17: 0.69 | D17: 9
A18: Schwab - Credit | B18: 2.5 | C18: 3.6 | D18: 9
A19: Schwab - Credit QC | B19: 5 | C19: 1.8 | D19: 9
A20: Griffin Pre - Credit | B20: 4 | C20: 2.25 | D20: 9
A21: Conditions - Credit (18) | B21: 25 | C21: 0.36 | D21: 9
... A23: Other | B23: 3 | C23: 3 | D23: 9
A24: Points Per Day | F24: =(F8*C8) | G24: =(G8*C8) | K24: =(K3*C3) | L24: =(L3*C3)+(L8*C8) | M24: =(M3*C3) | N24: =(N3*C3) | O24: =(O3*C3) | R24: =(R3*C3) | S24: =(S3*C3) | T24: =(T8*C8) | V24: =(V8*C8) | Y24: =(Y3*C3)+(Y8*C8) | Z24: =(Z3*C3) | AA24: =(AA3*C3) | AB24: =(AB3*C3)+(AB8*C8) | AE24: =SUM(E24:AD24)
A25: Actual Hours Worked | AE25: =SUM(E25:AD25)
A26: Hours Worked (Adjusted as per day target) | AE26: =SUM(E26:AD26)
A27: Approved PTO | E27: 0 | F27: 0 | G27: 0 | H27: 0 | I27: 0 | J27: 0 | K27: 0 | L27: 0 | M27: 0 | N27: 0 | O27: 0 | P27: 0 | Q27: 0 | R27: 0 | S27: 0 | T27: 0 | U27: 0 | V27: 0 | W27: 0 | X27: 0 | Y27: 0 | Z27: 0 | AA27: 0 | AB27: 0 | AC27: 0 | AD27: 0 | AE27: =SUM(E27:AD27)
A28: Producticity % | AE28: =AE24/AE26
A30: Unproductive Time Explanation
A31: Date | B31: Reason | C31: Hours

Sheet Brenda Saylor
A1: Process | B1: Per Day Target | C1: Hourly Target | D1: Hours/Day | E1: 02/02 | F1: 02/03 | G1: 02/04 | H1: 02/05 | I1: 02/06 | J1: 02/07 | K1: 02/09 | L1: 02/10 | M1: 02/11 | N1: 02/12 | O1: 02/13 | P1: 02/14 | Q1: 02/15 | R1: 02/16 | S1: 02/17 | T1: 02/18 | U1: 02/19 | V1: 02/20 | W1: 02/21 | X1: 02/22 | Y1: 02/23 | Z1: 02/24 | AA1: 02/25 | AB1: 02/26 | AC1: 02/27 | AD1: 02/28 | AE1: MTD Production
A2: Infinity - Loan Setup - Non-QM | B2: 6 | C2: 1.5 | D2: 9
A3: Infinity - Credit - Non-QM | B3: 5 | C3: 1.8 | D3: 9
A4: Infinity - Compliance - Non-QM | B4: 7 | C4: 1.29 | D4: 9
A5: Infinity - Credit QC - Non-QM | B5: 6 | C5: 1.5 | D5: 9
A6: Infinity - Compliance QC - Non-QM | B6: 13 | C6: 0.69 | D6: 9
A7: Infinity -PreClose Loan Setup | B7: 6 | C7: 1.5 | D7: 9
A8: Infinity -PreClose Credit | B8: 6 | C8: 1.5 | D8: 9
A9: Infinity -PreClose Credit QC | B9: 7 | C9: 1.29 | D9: 9
A10: Infinity - Review | B10: 3 | C10: 3 | D10: 9
A11: Infinity - QC | B11: 4 | C11: 2.25 | D11: 9
A13: Canopy - Credit | B13: 3 | C13: 3 | D13: 9 | E13: 3 | F13: 2 | G13: 3 | H13: 3 | I13: 3 | J13: 0 | K13: 3 | L13: 3 | M13: 3 | N13: 4 | O13: 2 | P13: 0 | Q13: 0 | R13: 3 | S13: 4 | T13: 3 | U13: 3 | V13: 3 | W13: 3 | X13: 4 | Y13: 3 | Z13: 3 | AA13: 3 | AB13: 3 | AC13: 3 | AD13: 0
A14: Canopy - Credit- Deephaven | B14: 2 | C14: 4.5 | D14: 9
A15: Canopy - Compliance | B15: 6 | C15: 1.5 | D15: 9
A16: Agency - Credit QC | B16: 8 | C16: 1.3 | D16: 9
A17: Agency - Compliance QC | B17: 13 | C17: 0.69 | D17: 9
A18: Schwab - Credit | B18: 2.5 | C18: 3.6 | D18: 9
A19: Schwab - Credit QC | B19: 5 | C19: 1.8 | D19: 9
A20: Griffin Pre - Credit | B20: 4 | C20: 2.25 | D20: 9
A21: Conditions - Credit (18) | B21: 25 | C21: 0.36 | D21: 9
A22: Conditions - Compliance (20) | B22: 22.5 | C22: 0.4 | D22: 9
A23: Other | B23: 3 | C23: 3 | D23: 9
A24: Points Per Day | E24: =(E13*C13) | F24: =(F13*C13) | G24: =(G13*C13) | H24: =(H13*C13) | I24: =(I13*C13) | K24: =(K13*C13) | L24: =(L13*C13) | M24: =(M13*C13) | N24: =(N13*C13) | O24: =(O13*C13) | R24: =(R13*C13) | S24: =(S13*C13) | T24: =(T13*C13) | U24: =(U13*C13) | V24: =(V13*C13) | W24: =(W13*C13) | X24: =(X13*C13) | Y24: =(Y13*C13) | Z24: =(Z13*C13) | AA24: =(AA13*C13) | AB24: =(AB13*C13) | AC24: =(AC13*C13) | AE24: =SUM(E24:AD24)
A25: Actual Hours Worked | AE25: =SUM(E25:AD25)
A26: Hours Worked (Adjusted as per day target) | AE26: =SUM(E26:AD26)
A27: Approved PTO | E27: 0 | F27: 0 | G27: 0 | H27: 0 | I27: 0 | J27: 0 | K27: 0 | L27: 0 | M27: 0 | N27: 0 | O27: 0 | P27: 0 | Q27: 0 | R27: 0 | S27: 0 | T27: 0 | U27: 0 | V27: 0 | W27: 0 | X27: 0 | Y27: 0 | Z27: 0 | AA27: 0 | AB27: 0 | AC27: 0 | AD27: 0 | AE27: =SUM(E27:AD27)
A28: Producticity % | AE28: =AE24/AE26
A30: Unproductive Time Explanation
A31: Date | B31: Reason | C31: Hours

Sheet Brooklyn Georgia
A1: Process | B1: Per Day Target | C1: Hourly Target | D1: Hours/Day | E1: 02/02 | F1: 02/03 | G1: 02/04 | H1: 02/05 | I1: 02/06 | J1: 02/07 | K1: 02/09 | L1: 02/10 | M1: 02/11 | N1: 02/12 | O1: 02/13 | P1: 02/14 | Q1: 02/15 | R1: 02/16 | S1: 02/17 | T1: 02/18 | U1: 02/19 | V1: 02/20 | W1: 02/21 | X1: 02/22 | Y1: 02/23 | Z1: 02/24 | AA1: 02/25 | AB1: 02/26 | AC1: 02/27 | AD1: 02/28 | AE1: MTD Production
A2: Infinity - Loan Setup - Non-QM | B2: 6 | C2: 1.5 | D2: 9
A3: Infinity - Credit - Non-QM | B3: 5 | C3: 1.8 | D3: 9
A4: Infinity - Compliance - Non-QM | B4: 7 | C4: 1.29 | D4: 9
A5: Infinity - Credit QC - Non-QM | B5: 6 | C5: 1.5 | D5: 9
A6: Infinity - Compliance QC - Non-QM | B6: 13 | C6: 0.69 | D6: 9
A7: Infinity -PreClose Loan Setup | B7: 6 | C7: 1.5 | D7: 9
A8: Infinity -PreClose Credit | B8: 6 | C8: 1.5 | D8: 9
A9: Infinity -PreClose Credit QC | B9: 7 | C9: 1.29 | D9: 9
A10: Infinity - Review | B10: 3 | C10: 3 | D10: 9
A11: Infinity - QC | B11: 4 | C11: 2.25 | D11: 9
A13: Canopy - Credit | B13: 3 | C13: 3 | D13: 9 | E13: 0 | F13: 0 | G13: 0 | H13: 0 | I13: 0 | J13: 3 | K13: 3 | L13: 3 | M13: 4 | N13: 3 | O13: 3 | P13: 4 | Q13: 3 | R13: 3 | S13: 3 | T13: 3 | U13: 4 | V13: 3 | W13: 0 | X13: 0 | Y13: 3 | Z13: 3 | AA13: 3 | AB13: 0 | AC13: 3 | AD13: 0
A14: Canopy - Credit- Deephaven | B14: 2 | C14: 4.5 | D14: 9
A15: Canopy - Compliance | B15: 6 | C15: 1.5 | D15: 9
A16: Agency - Credit QC | B16: 8 | C16: 1.3 | D16: 9
A17: Agency - Compliance QC | B17: 13 | C17: 0.69 | D17: 9
A18: Schwab - Credit | B18: 2.5 | C18: 3.6 | D18: 9
A19: Schwab - Credit QC | B19: 5 | C19: 1.8 | D19: 9
A20: Griffin Pre - Credit | B20: 4 | C20: 2.25 | D20: 9
A21: Conditions - Credit (18) | B21: 25 | C21: 0.36 | D21: 9
A22: Conditions - Compliance (20) | B22: 22.5 | C22: 0.4 | D22: 9
A23: Other | B23: 3 | C23: 3 | D23: 9
A24: Points Per Day | J24: =(J13*C13) | K24: =(K13*C13) | L24: =(L13*C13) | M24: =(M13*C13) | N24: =(N13*C13) | O24: =(O13*C13) | P24: =(P13*C13) | Q24: =(Q13*C13) | R24: =(R13*C13) | S24: =(S13*C13) | T24: =(T13*C13) | U24: =(U13*C13) | V24: =(V13*C13) | Y24: =(Y13*C13) | Z24: =(Z13*C13) | AA24: =(AA13*C13) | AC24: =(AC13*C13) | AE24: =SUM(E24:AD24)
A25: Actual Hours Worked | AE25: =SUM(E25:AD25)
A26: Hours Worked (Adjusted as per day target) | AE26: =SUM(E26:AD26)
A27: Approved PTO | E27: 0 | F27: 0 | G27: 0 | H27: 0 | I27: 0 | J27: 0 | K27: 0 | L27: 0 | M27: 0 | N27: 0 | O27: 0 | P27: 0 | Q27: 0 | R27: 0 | S27: 0 | T27: 0 | U27: 0 | V27: 0 | W27: 0 | X27: 0 | Y27: 0 | Z27: 0 | AA27: 0 | AB27: 0 | AC27: 0 | AD27: 0 | AE27: =SUM(E27:AD27)
A28: Producticity % | AE28: =AE24/AE26
A30: Unproductive Time Explanation
A31: Date | B31: Reason | C31: Hours

Sheet Bryan Vince
A1: Process | B1: Per Day Target | C1: Hourly Target | D1: Hours/Day | E1: 02/02 | F1: 02/03 | G1: 02/04 | H1: 02/05 | I1: 02/06 | J1: 02/07 | K1: 02/09 | L1: 02/10 | M1: 02/11 | N1: 02/12 | O1: 02/13 | P1: 02/14 | Q1: 02/15 | R1: 02/16 | S1: 02/17 | T1: 02/18 | U1: 02/19 | V1: 02/20 | W1: 02/21 | X1: 02/22 | Y1: 02/23 | Z1: 02/24 | AA1: 02/25 | AB1: 02/26 | AC1: 02/27 | AD1: 02/28 | AE1: MTD Production
A2: Infinity - Loan Setup - Non-QM | B2: 6 | C2: 1.5 | D2: 9
A3: Infinity - Credit - Non-QM | B3: 5 | C3: 1.8 | D3: 9
A4: Infinity - Compliance - Non-QM | B4: 7 | C4: 1.29 | D4: 9
A5: Infinity - Credit QC - Non-QM | B5: 6 | C5: 1.5 | D5: 9 | E5: 1 | F5: 0 | G5: 0 | H5: 0 | I5: 1 | J5: 0 | K5: 0 | L5: 0 | M5: 4 | N5: 8 | O5: 2 | P5: 0 | Q5: 0 | R5: 0 | S5: 0 | T5: 0 | U5: 0 | V5: 0 | W5: 0 | X5: 0 | Y5: 4 | Z5: 4 | AA5: 5 | AB5: 6 | AC5: 2 | AD5: 0
A6: Infinity - Compliance QC - Non-QM | B6: 13 | C6: 0.69 | D6: 9
A7: Infinity -PreClose Loan Setup | B7: 6 | C7: 1.5 | D7: 9
A8: Infinity -PreClose Credit | B8: 6 | C8: 1.5 | D8: 9
A9: Infinity -PreClose Credit QC | B9: 7 | C9: 1.29 | D9: 9 | E9: 0 | F9: 0 | G9: 3 | H9: 0 | I9: 1 | J9: 0 | K9: 0 | L9: 0 | M9: 0 | N9: 0 | O9: 0 | P9: 0 | Q9: 0 | R9: 1 | S9: 1 | T9: 0 | U9: 1 | V9: 1 | W9: 0 | X9: 0 | Y9: 1 | Z9: 1 | AA9: 1 | AB9: 1 | AC9: 2 | AD9: 0
A10: Infinity - Review | B10: 3 | C10: 3 | D10: 9
A11: Infinity - QC | B11: 4 | C11: 2.25 | D11: 9
A13: Canopy - Credit | B13: 3 | C13: 3 | D13: 9
A14: Canopy - Credit- Deephaven | B14: 2 | C14: 4.5 | D14: 9
A15: Canopy - Compliance | B15: 6 | C15: 1.5 | D15: 9
A16: Agency - Credit QC | B16: 8 | C16: 1.3 | D16: 9
A17: Agency - Compliance QC | B17: 13 | C17: 0.69 | D17: 9
A18: Schwab - Credit | B18: 2.5 | C18: 3.6 | D18: 9
A19: Schwab - Credit QC | B19: 5 | C19: 1.8 | D19: 9
A20: Griffin Pre - Credit | B20: 4 | C20: 2.25 | D20: 9
A21: Conditions - Credit (18) | B21: 25 | C21: 0.36 | D21: 9 | E21: 7 | F21: 2 | G21: 8 | H21: 7 | I21: 1 | J21: 0 | K21: 6 | L21: 4 | M21: 1 | N21: 4 | O21: 1 | P21: 0 | Q21: 0 | R21: 2 | S21: 0 | T21: 0 | U21: 0 | V21: 0 | W21: 0 | X21: 0 | Y21: 0 | Z21: 0 | AA21: 2 | AB21: 1 | AC21: 0 | AD21: 0
A22: Conditions - Compliance (20) | B22: 22.5 | C22: 0.4 | D22: 9
A23: Other | B23: 3 | C23: 3 | D23: 9
A24: Points Per Day | E24: =(E5*C5)+(E21*C21) | F24: =(F21*C21) | G24: =(G9*C9)+(G21*C21) | H24: =(H21*C21) | I24: =(I5*C5)+(I9*C9)+(I21*C21) | K24: =(K21*C21) | L24: =(L21*C21) | M24: =(M5*C5)+(M21*C21) | N24: =(N5*C5)+(N21*C21) | O24: =(O5*C5)+(O21*C21) | R24: =(R9*C9)+(R21*C21) | S24: =(S9*C9) | U24: =(U9*C9) | V24: =(V9*C9) | Y24: =(Y5*C5)+(Y9*C9) | Z24: =(Z5*C5)+(Z9*C9) | AA24: =(AA5*C5)+(AA9*C9)+(AA21*C21) | AB24: =(AB5*C5)+(AB9*C9)+(AB21*C21) | AC24: =(AC5*C5)+(AC9*C9) | AE24: =SUM(E24:AD24)
A25: Actual Hours Worked | AE25: =SUM(E25:AD25)
A26: Hours Worked (Adjusted as per day target) | AE26: =SUM(E26:AD26)
A27: Approved PTO | E27: 0 | F27: 0 | G27: 0 | H27: 0 | I27: 0 | J27: 0 | K27: 0 | L27: 0 | M27: 0 | N27: 0 | O27: 0 | P27: 0 | Q27: 0 | R27: 0 | S27: 0 | T27: 0 | U27: 0 | V27: 0 | W27: 0 | X27: 0 | Y27: 0 | Z27: 0 | AA27: 0 | AB27: 0 | AC27: 0 | AD27: 0 | AE27: =SUM(E27:AD27)
A28: Producticity % | AE28: =AE24/AE26
A30: Unproductive Time Explanation
A31: Date | B31: Reason | C31: Hours

Sheet Dane Patrick
A1: Process | B1: Per Day Target | C1: Hourly Target | D1: Hours/Day | E1: 02/02 | F1: 02/03 | G1: 02/04 | H1: 02/05 | I1: 02/06 | J1: 02/07 | K1: 02/09 | L1: 02/10 | M1: 02/11 | N1: 02/12 | O1: 02/13 | P1: 02/14 | Q1: 02/15 | R1: 02/16 | S1: 02/17 | T1: 02/18 | U1: 02/19 | V1: 02/20 | W1: 02/21 | X1: 02/22 | Y1: 02/23 | Z1: 02/24 | AA1: 02/25 | AB1: 02/26 | AC1: 02/27 | AD1: 02/28 | AE1: MTD Production
A2: Infinity - Loan Setup - Non-QM | B2: 6 | C2: 1.5 | D2: 9
A3: Infinity - Credit - Non-QM | B3: 5 | C3: 1.8 | D3: 9
A4: Infinity - Compliance - Non-QM | B4: 7 | C4: 1.29 | D4: 9
A5: Infinity - Credit QC - Non-QM | B5: 6 | C5: 1.5 | D5: 9
A6: Infinity - Compliance QC - Non-QM | B6: 13 | C6: 0.69 | D6: 9
A7: Infinity -PreClose Loan Setup | B7: 6 | C7: 1.5 | D7: 9
A8: Infinity -PreClose Credit | B8: 6 | C8: 1.5 | D8: 9 | E8: 0 | F8: 1 | G8: 1 | H8: 0 | I8: 0 | J8: 0 | K8: 0 | L8: 0 | M8: 0 | N8: 0 | O8: 0 | P8: 0 | Q8: 0 | R8: 0 | S8: 0 | T8: 0 | U8: 0 | V8: 0 | W8: 0 | X8: 0 | Y8: 0 | Z8: 0 | AA8: 0 | AB8: 0 | AC8: 0 | AD8: 0
A9: Infinity -PreClose Credit QC | B9: 7 | C9: 1.29 | D9: 9
A10: Infinity - Review | B10: 3 | C10: 3 | D10: 9
A11: Infinity - QC | B11: 4 | C11: 2.25 | D11: 9
A13: Canopy - Credit | B13: 3 | C13: 3 | D13: 9
A14: Canopy - Credit- Deephaven | B14: 2 | C14: 4.5 | D14: 9
A15: Canopy - Compliance | B15: 6 | C15: 1.5 | D15: 9
A16: Agency - Credit QC | B16: 8 | C16: 1.3 | D16: 9
A17: Agency - Compliance QC | B17: 13 | C17: 0.69 | D17: 9
A18: Schwab - Credit | B18: 2.5 | C18: 3.6 | D18: 9
A19: Schwab - Credit QC | B19: 5 | C19: 1.8 | D19: 9
A20: Griffin Pre - Credit | B20: 4 | C20: 2.25 | D20: 9
A21: Conditions - Credit (18) | B21: 25 | C21: 0.36 | D21: 9
... A23: Other | B23: 3 | C23: 3 | D23: 9
A24: Points Per Day | F24: =(F8*C8) | G24: =(G8*C8) | AE24: =SUM(E24:AD24)
A25: Actual Hours Worked | AE25: =SUM(E25:AD25)
A26: Hours Worked (Adjusted as per day target) | AE26: =SUM(E26:AD26)
A27: Approved PTO | E27: 0 | F27: 0 | G27: 0 | H27: 0 | I27: 0 | J27: 0 | K27: 0 | L27: 0 | M27: 0 | N27: 0 | O27: 0 | P27: 0 | Q27: 0 | R27: 0 | S27: 0 | T27: 0 | U27: 0 | V27: 0 | W27: 0 | X27: 0 | Y27: 0 | Z27: 0 | AA27: 0 | AB27: 0 | AC27: 0 | AD27: 0 | AE27: =SUM(E27:AD27)
A28: Producticity % | AE28: =AE24/AE26
A30: Unproductive Time Explanation
A31: Date | B31: Reason | C31: Hours

Sheet Della Lily
A1: Process | B1: Per Day Target | C1: Hourly Target | D1: Hours/Day | E1: 02/02 | F1: 02/03 | G1: 02/04 | H1: 02/05 | I1: 02/06 | J1: 02/07 | K1: 02/09 | L1: 02/10 | M1: 02/11 | N1: 02/12 | O1: 02/13 | P1: 02/14 | Q1: 02/15 | R1: 02/16 | S1: 02/17 | T1: 02/18 | U1: 02/19 | V1: 02/20 | W1: 02/21 | X1: 02/22 | Y1: 02/23 | Z1: 02/24 | AA1: 02/25 | AB1: 02/26 | AC1: 02/27 | AD1: 02/28 | AE1: MTD Production
A2: Infinity - Loan Setup - Non-QM | B2: 6 | C2: 1.5 | D2: 9
A3: Infinity - Credit - Non-QM | B3: 5 | C3: 1.8 | D3: 9 | E3: 0 | F3: 1 | G3: 0 | H3: 0 | I3: 1 | J3: 0 | K3: 0 | L3: 0 | M3: 0 | N3: 0 | O3: 0 | P3: 0 | Q3: 0 | R3: 0 | S3: 0 | T3: 0 | U3: 1 | V3: 0 | W3: 0 | X3: 0 | Y3: 2 | Z3: 4 | AA3: 3 | AB3: 4 | AC3: 2 | AD3: 0
A4: Infinity - Compliance - Non-QM | B4: 7 | C4: 1.29 | D4: 9
A5: Infinity - Credit QC - Non-QM | B5: 6 | C5: 1.5 | D5: 9
A6: Infinity - Compliance QC - Non-QM | B6: 13 | C6: 0.69 | D6: 9
A7: Infinity -PreClose Loan Setup | B7: 6 | C7: 1.5 | D7: 9
A8: Infinity -PreClose Credit | B8: 6 | C8: 1.5 | D8: 9 | E8: 0 | F8: 0 | G8: 2 | H8: 0 | I8: 0 | J8: 0 | K8: 0 | L8: 0 | M8: 0 | N8: 0 | O8: 0 | P8: 0 | Q8: 0 | R8: 1 | S8: 0 | T8: 0 | U8: 1 | V8: 0 | W8: 0 | X8: 1 | Y8: 0 | Z8: 0 | AA8: 1 | AB8: 0 | AC8: 2 | AD8: 0
A9: Infinity -PreClose Credit QC | B9: 7 | C9: 1.29 | D9: 9
A10: Infinity - Review | B10: 3 | C10: 3 | D10: 9
A11: Infinity - QC | B11: 4 | C11: 2.25 | D11: 9
A13: Canopy - Credit | B13: 3 | C13: 3 | D13: 9
A14: Canopy - Credit- Deephaven | B14: 2 | C14: 4.5 | D14: 9
A15: Canopy - Compliance | B15: 6 | C15: 1.5 | D15: 9
A16: Agency - Credit QC | B16: 8 | C16: 1.3 | D16: 9
A17: Agency - Compliance QC | B17: 13 | C17: 0.69 | D17: 9
A18: Schwab - Credit | B18: 2.5 | C18: 3.6 | D18: 9
A19: Schwab - Credit QC | B19: 5 | C19: 1.8 | D19: 9
A20: Griffin Pre - Credit | B20: 4 | C20: 2.25 | D20: 9
A21: Conditions - Credit (18) | B21: 25 | C21: 0.36 | D21: 9
... A23: Other | B23: 3 | C23: 3 | D23: 9
A24: Points Per Day | F24: =(F3*C3) | G24: =(G8*C8) | I24: =(I3*C3) | R24: =(R8*C8) | U24: =(U3*C3)+(U8*C8) | X24: =(X8*C8) | Y24: =(Y3*C3) | Z24: =(Z3*C3) | AA24: =(AA3*C3)+(AA8*C8) | AB24: =(AB3*C3) | AC24: =(AC3*C3)+(AC8*C8) | AE24: =SUM(E24:AD24)
A25: Actual Hours Worked | AE25: =SUM(E25:AD25)
A26: Hours Worked (Adjusted as per day target) | AE26: =SUM(E26:AD26)
A27: Approved PTO | E27: 0 | F27: 0 | G27: 0 | H27: 0 | I27: 0 | J27: 0 | K27: 0 | L27: 0 | M27: 0 | N27: 0 | O27: 0 | P27: 0 | Q27: 0 | R27: 0 | S27: 0 | T27: 0 | U27: 0 | V27: 0 | W27: 0 | X27: 0 | Y27: 0 | Z27: 0 | AA27: 0 | AB27: 0 | AC27: 0 | AD27: 0 | AE27: =SUM(E27:AD27)
A28: Producticity % | AE28: =AE24/AE26
A30: Unproductive Time Explanation
A31: Date | B31: Reason | C31: Hours

Sheet Diana Pamela
A1: Process | B1: Per Day Target | C1: Hourly Target | D1: Hours/Day | E1: 02/02 | F1: 02/03 | G1: 02/04 | H1: 02/05 | I1: 02/06 | J1: 02/07 | K1: 02/09 | L1: 02/10 | M1: 02/11 | N1: 02/12 | O1: 02/13 | P1: 02/14 | Q1: 02/15 | R1: 02/16 | S1: 02/17 | T1: 02/18 | U1: 02/19 | V1: 02/20 | W1: 02/21 | X1: 02/22 | Y1: 02/23 | Z1: 02/24 | AA1: 02/25 | AB1: 02/26 | AC1: 02/27 | AD1: 02/28 | AE1: MTD Production
A2: Infinity - Loan Setup - Non-QM | B2: 6 | C2: 1.5 | D2: 9
A3: Infinity - Credit - Non-QM | B3: 5 | C3: 1.8 | D3: 9
A4: Infinity - Compliance - Non-QM | B4: 7 | C4: 1.29 | D4: 9
A5: Infinity - Credit QC - Non-QM | B5: 6 | C5: 1.5 | D5: 9
A6: Infinity - Compliance QC - Non-QM | B6: 13 | C6: 0.69 | D6: 9
A7: Infinity -PreClose Loan Setup | B7: 6 | C7: 1.5 | D7: 9
A8: Infinity -PreClose Credit | B8: 6 | C8: 1.5 | D8: 9
A9: Infinity -PreClose Credit QC | B9: 7 | C9: 1.29 | D9: 9
A10: Infinity - Review | B10: 3 | C10: 3 | D10: 9
A11: Infinity - QC | B11: 4 | C11: 2.25 | D11: 9
A13: Canopy - Credit | B13: 3 | C13: 3 | D13: 9 | E13: 2 | F13: 2 | G13: 2 | H13: 0 | I13: 0 | J13: 0 | K13: 3 | L13: 3 | M13: 4 | N13: 3 | O13: 3 | P13: 0 | Q13: 0 | R13: 4 | S13: 3 | T13: 4 | U13: 3 | V13: 3 | W13: 0 | X13: 0 | Y13: 4 | Z13: 1 | AA13: 2 | AB13: 2 | AC13: 3 | AD13: 0
A14: Canopy - Credit- Deephaven | B14: 2 | C14: 4.5 | D14: 9
A15: Canopy - Compliance | B15: 6 | C15: 1.5 | D15: 9
A16: Agency - Credit QC | B16: 8 | C16: 1.3 | D16: 9
A17: Agency - Compliance QC | B17: 13 | C17: 0.69 | D17: 9
A18: Schwab - Credit | B18: 2.5 | C18: 3.6 | D18: 9
A19: Schwab - Credit QC | B19: 5 | C19: 1.8 | D19: 9
A20: Griffin Pre - Credit | B20: 4 | C20: 2.25 | D20: 9
A21: Conditions - Credit (18) | B21: 25 | C21: 0.36 | D21: 9
A22: Conditions - Compliance (20) | B22: 22.5 | C22: 0.4 | D22: 9
A23: Other | B23: 3 | C23: 3 | D23: 9
A24: Points Per Day | E24: =(E13*C13) | F24: =(F13*C13) | G24: =(G13*C13) | K24: =(K13*C13) | L24: =(L13*C13) | M24: =(M13*C13) | N24: =(N13*C13) | O24: =(O13*C13) | R24: =(R13*C13) | S24: =(S13*C13) | T24: =(T13*C13) | U24: =(U13*C13) | V24: =(V13*C13) | Y24: =(Y13*C13) | Z24: =(Z13*C13) | AA24: =(AA13*C13) | AB24: =(AB13*C13) | AC24: =(AC13*C13) | AE24: =SUM(E24:AD24)
A25: Actual Hours Worked | AE25: =SUM(E25:AD25)
A26: Hours Worked (Adjusted as per day target) | AE26: =SUM(E26:AD26)
A27: Approved PTO | E27: 0 | F27: 0 | G27: 0 | H27: 0 | I27: 0 | J27: 0 | K27: 0 | L27: 0 | M27: 0 | N27: 0 | O27: 0 | P27: 0 | Q27: 0 | R27: 0 | S27: 0 | T27: 0 | U27: 0 | V27: 0 | W27: 0 | X27: 0 | Y27: 0 | Z27: 0 | AA27: 0 | AB27: 0 | AC27: 0 | AD27: 0 | AE27: =SUM(E27:AD27)
A28: Producticity % | AE28: =AE24/AE26
A30: Unproductive Time Explanation
A31: Date | B31: Reason | C31: Hours

Sheet Donald Roman
A1: Process | B1: Per Day Target | C1: Hourly Target | D1: Hours/Day | E1: 02/02 | F1: 02/03 | G1: 02/04 | H1: 02/05 | I1: 02/06 | J1: 02/07 | K1: 02/09 | L1: 02/10 | M1: 02/11 | N1: 02/12 | O1: 02/13 | P1: 02/14 | Q1: 02/15 | R1: 02/16 | S1: 02/17 | T1: 02/18 | U1: 02/19 | V1: 02/20 | W1: 02/21 | X1: 02/22 | Y1: 02/23 | Z1: 02/24 | AA1: 02/25 | AB1: 02/26 | AC1: 02/27 | AD1: 02/28 | AE1: MTD Production
A2: Infinity - Loan Setup - Non-QM | B2: 6 | C2: 1.5 | D2: 9 | E2: 1 | F2: 0 | G2: 0 | H2: 1 | I2: 0 | J2: 0 | K2: 4 | L2: 6 | M2: 7 | N2: 1 | O2: 0 | P2: 0 | Q2: 0 | R2: 1 | S2: 1 | T2: 1 | U2: 0 | V2: 0 | W2: 0 | X2: 0 | Y2: 3 | Z2: 6 | AA2: 4 | AB2: 1 | AC2: 1 | AD2: 0
A3: Infinity - Credit - Non-QM | B3: 5 | C3: 1.8 | D3: 9
A4: Infinity - Compliance - Non-QM | B4: 7 | C4: 1.29 | D4: 9
A5: Infinity - Credit QC - Non-QM | B5: 6 | C5: 1.5 | D5: 9
A6: Infinity - Compliance QC - Non-QM | B6: 13 | C6: 0.69 | D6: 9
A7: Infinity -PreClose Loan Setup | B7: 6 | C7: 1.5 | D7: 9 | E7: 0 | F7: 5 | G7: 1 | H7: 1 | I7: 1 | J7: 0 | K7: 0 | L7: 0 | M7: 0 | N7: 0 | O7: 1 | P7: 0 | Q7: 0 | R7: 0 | S7: 0 | T7: 2 | U7: 2 | V7: 0 | W7: 0 | X7: 0 | Y7: 1 | Z7: 0 | AA7: 1 | AB7: 5 | AC7: 2 | AD7: 0
A8: Infinity -PreClose Credit | B8: 6 | C8: 1.5 | D8: 9
A9: Infinity -PreClose Credit QC | B9: 7 | C9: 1.29 | D9: 9
A10: Infinity - Review | B10: 3 | C10: 3 | D10: 9
A11: Infinity - QC | B11: 4 | C11: 2.25 | D11: 9
A13: Canopy - Credit | B13: 3 | C13: 3 | D13: 9
A14: Canopy - Credit- Deephaven | B14: 2 | C14: 4.5 | D14: 9
A15: Canopy - Compliance | B15: 6 | C15: 1.5 | D15: 9
A16: Agency - Credit QC | B16: 8 | C16: 1.3 | D16: 9
A17: Agency - Compliance QC | B17: 13 | C17: 0.69 | D17: 9
A18: Schwab - Credit | B18: 2.5 | C18: 3.6 | D18: 9
A19: Schwab - Credit QC | B19: 5 | C19: 1.8 | D19: 9
A20: Griffin Pre - Credit | B20: 4 | C20: 2.25 | D20: 9
... A23: Other | B23: 3 | C23: 3 | D23: 9
A24: Points Per Day | E24: =(E2*C2) | F24: =(F7*C7) | G24: =(G7*C7) | H24: =(H2*C2)+(H7*C7) | I24: =(I7*C7) | K24: =(K2*C2) | L24: =(L2*C2) | M24: =(M2*C2) | N24: =(N2*C2) | O24: =(O7*C7) | R24: =(R2*C2) | S24: =(S2*C2) | T24: =(T2*C2)+(T7*C7) | U24: =(U7*C7) | Y24: =(Y2*C2)+(Y7*C7) | Z24: =(Z2*C2) | AA24: =(AA2*C2)+(AA7*C7) | AB24: =(AB2*C2)+(AB7*C7) | AC24: =(AC2*C2)+(AC7*C7) | AE24: =SUM(E24:AD24)
A25: Actual Hours Worked | AE25: =SUM(E25:AD25)
A26: Hours Worked (Adjusted as per day target) | AE26: =SUM(E26:AD26)
A27: Approved PTO | E27: 0 | F27: 0 | G27: 0 | H27: 0 | I27: 0 | J27: 0 | K27: 0 | L27: 0 | M27: 0 | N27: 0 | O27: 0 | P27: 0 | Q27: 0 | R27: 0 | S27: 0 | T27: 0 | U27: 0 | V27: 0 | W27: 0 | X27: 0 | Y27: 0 | Z27: 0 | AA27: 0 | AB27: 0 | AC27: 0 | AD27: 0 | AE27: =SUM(E27:AD27)
A28: Producticity % | AE28: =AE24/AE26
A30: Unproductive Time Explanation
A31: Date | B31: Reason | C31: Hours

Sheet Dora Ross
A1: Process | B1: Per Day Target | C1: Hourly Target | D1: Hours/Day | E1: 02/02 | F1: 02/03 | G1: 02/04 | H1: 02/05 | I1: 02/06 | J1: 02/07 | K1: 02/09 | L1: 02/10 | M1: 02/11 | N1: 02/12 | O1: 02/13 | P1: 02/14 | Q1: 02/15 | R1: 02/16 | S1: 02/17 | T1: 02/18 | U1: 02/19 | V1: 02/20 | W1: 02/21 | X1: 02/22 | Y1: 02/23 | Z1: 02/24 | AA1: 02/25 | AB1: 02/26 | AC1: 02/27 | AD1: 02/28 | AE1: MTD Production
A2: Infinity - Loan Setup - Non-QM | B2: 6 | C2: 1.5 | D2: 9
A3: Infinity - Credit - Non-QM | B3: 5 | C3: 1.8 | D3: 9 | E3: 0 | F3: 1 | G3: 0 | H3: 0 | I3: 1 | J3: 0 | K3: 0 | L3: 4 | M3: 6 | N3: 5 | O3: 3 | P3: 0 | Q3: 0 | R3: 1 | S3: 0 | T3: 0 | U3: 1 | V3: 0 | W3: 0 | X3: 0 | Y3: 2 | Z3: 4 | AA3: 4 | AB3: 4 | AC3: 2 | AD3: 0
A4: Infinity - Compliance - Non-QM | B4: 7 | C4: 1.29 | D4: 9
A5: Infinity - Credit QC - Non-QM | B5: 6 | C5: 1.5 | D5: 9
A6: Infinity - Compliance QC - Non-QM | B6: 13 | C6: 0.69 | D6: 9
A7: Infinity -PreClose Loan Setup | B7: 6 | C7: 1.5 | D7: 9
A8: Infinity -PreClose Credit | B8: 6 | C8: 1.5 | D8: 9 | E8: 0 | F8: 0 | G8: 2 | H8: 0 | I8: 0 | J8: 0 | K8: 1 | L8: 0 | M8: 0 | N8: 0 | O8: 0 | P8: 0 | Q8: 0 | R8: 0 | S8: 1 | T8: 0 | U8: 1 | V8: 1 | W8: 0 | X8: 0 | Y8: 1 | Z8: 0 | AA8: 1 | AB8: 1 | AC8: 2 | AD8: 0
A9: Infinity -PreClose Credit QC | B9: 7 | C9: 1.29 | D9: 9
A10: Infinity - Review | B10: 3 | C10: 3 | D10: 9
A11: Infinity - QC | B11: 4 | C11: 2.25 | D11: 9
A13: Canopy - Credit | B13: 3 | C13: 3 | D13: 9
A14: Canopy - Credit- Deephaven | B14: 2 | C14: 4.5 | D14: 9
A15: Canopy - Compliance | B15: 6 | C15: 1.5 | D15: 9
A16: Agency - Credit QC | B16: 8 | C16: 1.3 | D16: 9
A17: Agency - Compliance QC | B17: 13 | C17: 0.69 | D17: 9
A18: Schwab - Credit | B18: 2.5 | C18: 3.6 | D18: 9
A19: Schwab - Credit QC | B19: 5 | C19: 1.8 | D19: 9
A20: Griffin Pre - Credit | B20: 4 | C20: 2.25 | D20: 9
A21: Conditions - Credit (18) | B21: 25 | C21: 0.36 | D21: 9
... A23: Other | B23: 3 | C23: 3 | D23: 9
A24: Points Per Day | F24: =(F3*C3) | G24: =(G8*C8) | I24: =(I3*C3) | K24: =(K8*C8) | L24: =(L3*C3) | M24: =(M3*C3) | N24: =(N3*C3) | O24: =(O3*C3) | R24: =(R3*C3) | S24: =(S8*C8) | U24: =(U3*C3)+(U8*C8) | V24: =(V8*C8) | Y24: =(Y3*C3)+(Y8*C8) | Z24: =(Z3*C3) | AA24: =(AA3*C3)+(AA8*C8) | AB24: =(AB3*C3)+(AB8*C8) | AC24: =(AC3*C3)+(AC8*C8) | AE24: =SUM(E24:AD24)
A25: Actual Hours Worked | AE25: =SUM(E25:AD25)
A26: Hours Worked (Adjusted as per day target) | AE26: =SUM(E26:AD26)
A27: Approved PTO | E27: 0 | F27: 0 | G27: 0 | H27: 0 | I27: 0 | J27: 0 | K27: 0 | L27: 0 | M27: 0 | N27: 0 | O27: 0 | P27: 0 | Q27: 0 | R27: 0 | S27: 0 | T27: 0 | U27: 0 | V27: 0 | W27: 0 | X27: 0 | Y27: 0 | Z27: 0 | AA27: 0 | AB27: 0 | AC27: 0 | AD27: 0 | AE27: =SUM(E27:AD27)
A28: Producticity % | AE28: =AE24/AE26
A30: Unproductive Time Explanation
A31: Date | B31: Reason | C31: Hours

Sheet Edwin Robert
A1: Process | B1: Per Day Target | C1: Hourly Target | D1: Hours/Day | E1: 02/02 | F1: 02/03 | G1: 02/04 | H1: 02/05 | I1: 02/06 | J1: 02/07 | K1: 02/09 | L1: 02/10 | M1: 02/11 | N1: 02/12 | O1: 02/13 | P1: 02/14 | Q1: 02/15 | R1: 02/16 | S1: 02/17 | T1: 02/18 | U1: 02/19 | V1: 02/20 | W1: 02/21 | X1: 02/22 | Y1: 02/23 | Z1: 02/24 | AA1: 02/25 | AB1: 02/26 | AC1: 02/27 | AD1: 02/28 | AE1: MTD Production
A2: Infinity - Loan Setup - Non-QM | B2: 6 | C2: 1.5 | D2: 9
A3: Infinity - Credit - Non-QM | B3: 5 | C3: 1.8 | D3: 9
A4: Infinity - Compliance - Non-QM | B4: 7 | C4: 1.29 | D4: 9 | E4: 0 | F4: 0 | G4: 0 | H4: 0 | I4: 0 | J4: 0 | K4: 0 | L4: 4 | M4: 0 | N4: 0 | O4: 0 | P4: 0 | Q4: 0 | R4: 0 | S4: 0 | T4: 0 | U4: 0 | V4: 0 | W4: 0 | X4: 0 | Y4: 0 | Z4: 4 | AA4: 4 | AB4: 4 | AC4: 2 | AD4: 0
A5: Infinity - Credit QC - Non-QM | B5: 6 | C5: 1.5 | D5: 9
A6: Infinity - Compliance QC - Non-QM | B6: 13 | C6: 0.69 | D6: 9 | E6: 4 | F6: 0 | G6: 0 | H6: 0 | I6: 0 | J6: 0 | K6: 0 | L6: 0 | M6: 0 | N6: 0 | O6: 0 | P6: 0 | Q6: 0 | R6: 0 | S6: 0 | T6: 0 | U6: 0 | V6: 0 | W6: 0 | X6: 0 | Y6: 0 | Z6: 1 | AA6: 0 | AB6: 5 | AC6: 0 | AD6: 0
A7: Infinity -PreClose Loan Setup | B7: 6 | C7: 1.5 | D7: 9
A8: Infinity -PreClose Credit | B8: 6 | C8: 1.5 | D8: 9
A9: Infinity -PreClose Credit QC | B9: 7 | C9: 1.29 | D9: 9
A10: Infinity - Review | B10: 3 | C10: 3 | D10: 9
A11: Infinity - QC | B11: 4 | C11: 2.25 | D11: 9
A13: Canopy - Credit | B13: 3 | C13: 3 | D13: 9
A14: Canopy - Credit- Deephaven | B14: 2 | C14: 4.5 | D14: 9
A15: Canopy - Compliance | B15: 6 | C15: 1.5 | D15: 9 | E15: 0 | F15: 0 | G15: 0 | H15: 0 | I15: 0 | J15: 0 | K15: 0 | L15: 0 | M15: 0 | N15: 0 | O15: 0 | P15: 0 | Q15: 0 | R15: 0 | S15: 0 | T15: 0 | U15: 0 | V15: 2 | W15: 0 | X15: 0 | Y15: 0 | Z15: 4 | AA15: 0 | AB15: 0 | AC15: 0 | AD15: 0
A16: Agency - Credit QC | B16: 8 | C16: 1.3 | D16: 9
A17: Agency - Compliance QC | B17: 13 | C17: 0.69 | D17: 9
A18: Schwab - Credit | B18: 2.5 | C18: 3.6 | D18: 9
A19: Schwab - Credit QC | B19: 5 | C19: 1.8 | D19: 9
A20: Griffin Pre - Credit | B20: 4 | C20: 2.25 | D20: 9
A21: Conditions - Credit (18) | B21: 25 | C21: 0.36 | D21: 9
A22: Conditions - Compliance (20) | B22: 22.5 | C22: 0.4 | D22: 9
A23: Other | B23: 3 | C23: 3 | D23: 9
A24: Points Per Day | E24: =(E6*C6) | L24: =(L4*C4) | V24: =(V15*C15) | Z24: =(Z4*C4)+(Z6*C6)+(Z15*C15) | AA24: =(AA4*C4) | AB24: =(AB4*C4)+(AB6*C6) | AC24: =(AC4*C4) | AE24: =SUM(E24:AD24)
A25: Actual Hours Worked | AE25: =SUM(E25:AD25)
A26: Hours Worked (Adjusted as per day target) | AE26: =SUM(E26:AD26)
A27: Approved PTO | E27: 0 | F27: 0 | G27: 0 | H27: 0 | I27: 0 | J27: 0 | K27: 0 | L27: 0 | M27: 0 | N27: 0 | O27: 0 | P27: 0 | Q27: 0 | R27: 0 | S27: 0 | T27: 0 | U27: 0 | V27: 0 | W27: 0 | X27: 0 | Y27: 0 | Z27: 0 | AA27: 0 | AB27: 0 | AC27: 0 | AD27: 0 | AE27: =SUM(E27:AD27)
A28: Producticity % | AE28: =AE24/AE26
A30: Unproductive Time Explanation
A31: Date | B31: Reason | C31: Hours

Sheet George Reece
A1: Process | B1: Per Day Target | C1: Hourly Target | D1: Hours/Day | E1: 02/02 | F1: 02/03 | G1: 02/04 | H1: 02/05 | I1: 02/06 | J1: 02/07 | K1: 02/09 | L1: 02/10 | M1: 02/11 | N1: 02/12 | O1: 02/13 | P1: 02/14 | Q1: 02/15 | R1: 02/16 | S1: 02/17 | T1: 02/18 | U1: 02/19 | V1: 02/20 | W1: 02/21 | X1: 02/22 | Y1: 02/23 | Z1: 02/24 | AA1: 02/25 | AB1: 02/26 | AC1: 02/27 | AD1: 02/28 | AE1: MTD Production
A2: Infinity - Loan Setup - Non-QM | B2: 6 | C2: 1.5 | D2: 9
A3: Infinity - Credit - Non-QM | B3: 5 | C3: 1.8 | D3: 9
A4: Infinity - Compliance - Non-QM | B4: 7 | C4: 1.29 | D4: 9 | E4: 0 | F4: 0 | G4: 0 | H4: 0 | I4: 4 | J4: 0 | K4: 3 | L4: 1 | M4: 3 | N4: 0 | O4: 1 | P4: 0 | Q4: 0 | R4: 0 | S4: 0 | T4: 0 | U4: 0 | V4: 0 | W4: 0 | X4: 0 | Y4: 0 | Z4: 0 | AA4: 0 | AB4: 0 | AC4: 0 | AD4: 0
A5: Infinity - Credit QC - Non-QM | B5: 6 | C5: 1.5 | D5: 9
A6: Infinity - Compliance QC - Non-QM | B6: 13 | C6: 0.69 | D6: 9 | E6: 4 | F6: 1 | G6: 0 | H6: 0 | I6: 5 | J6: 0 | K6: 7 | L6: 18 | M6: 0 | N6: 2 | O6: 2 | P6: 0 | Q6: 0 | R6: 1 | S6: 1 | T6: 0 | U6: 0 | V6: 3 | W6: 0 | X6: 0 | Y6: 0 | Z6: 0 | AA6: 0 | AB6: 0 | AC6: 0 | AD6: 0
A7: Infinity -PreClose Loan Setup | B7: 6 | C7: 1.5 | D7: 9
A8: Infinity -PreClose Credit | B8: 6 | C8: 1.5 | D8: 9
A9: Infinity -PreClose Credit QC | B9: 7 | C9: 1.29 | D9: 9
A10: Infinity - Review | B10: 3 | C10: 3 | D10: 9
A11: Infinity - QC | B11: 4 | C11: 2.25 | D11: 9
A13: Canopy - Credit | B13: 3 | C13: 3 | D13: 9
A14: Canopy - Credit- Deephaven | B14: 2 | C14: 4.5 | D14: 9
A15: Canopy - Compliance | B15: 6 | C15: 1.5 | D15: 9 | E15: 0 | F15: 0 | G15: 0 | H15: 0 | I15: 0 | J15: 0 | K15: 0 | L15: 0 | M15: 0 | N15: 4 | O15: 0 | P15: 0 | Q15: 0 | R15: 4 | S15: 0 | T15: 0 | U15: 0 | V15: 5 | W15: 0 | X15: 0 | Y15: 0 | Z15: 0 | AA15: 0 | AB15: 0 | AC15: 0 | AD15: 0
A16: Agency - Credit QC | B16: 8 | C16: 1.3 | D16: 9
A17: Agency - Compliance QC | B17: 13 | C17: 0.69 | D17: 9
A18: Schwab - Credit | B18: 2.5 | C18: 3.6 | D18: 9
A19: Schwab - Credit QC | B19: 5 | C19: 1.8 | D19: 9
A20: Griffin Pre - Credit | B20: 4 | C20: 2.25 | D20: 9
A21: Conditions - Credit (18) | B21: 25 | C21: 0.36 | D21: 9
A22: Conditions - Compliance (20) | B22: 22.5 | C22: 0.4 | D22: 9
A23: Other | B23: 3 | C23: 3 | D23: 9
A24: Points Per Day | E24: =(E6*C6) | F24: =(F6*C6) | I24: =(I4*C4)+(I6*C6) | K24: =(K4*C4)+(K6*C6) | L24: =(L4*C4)+(L6*C6) | M24: =(M4*C4) | N24: =(N6*C6)+(N15*C15) | O24: =(O4*C4)+(O6*C6) | R24: =(R6*C6)+(R15*C15) | S24: =(S6*C6) | V24: =(V6*C6)+(V15*C15) | AE24: =SUM(E24:AD24)
A25: Actual Hours Worked | AE25: =SUM(E25:AD25)
A26: Hours Worked (Adjusted as per day target) | AE26: =SUM(E26:AD26)
A27: Approved PTO | E27: 0 | F27: 0 | G27: 0 | H27: 0 | I27: 0 | J27: 0 | K27: 0 | L27: 0 | M27: 0 | N27: 0 | O27: 0 | P27: 0 | Q27: 0 | R27: 0 | S27: 0 | T27: 0 | U27: 0 | V27: 0 | W27: 0 | X27: 0 | Y27: 0 | Z27: 0 | AA27: 0 | AB27: 0 | AC27: 0 | AD27: 0 | AE27: =SUM(E27:AD27)
A28: Producticity % | AE28: =AE24/AE26
A30: Unproductive Time Explanation
A31: Date | B31: Reason | C31: Hours

Sheet Georgina Karter
A1: Process | B1: Per Day Target | C1: Hourly Target | D1: Hours/Day | E1: 02/02 | F1: 02/03 | G1: 02/04 | H1: 02/05 | I1: 02/06 | J1: 02/07 | K1: 02/09 | L1: 02/10 | M1: 02/11 | N1: 02/12 | O1: 02/13 | P1: 02/14 | Q1: 02/15 | R1: 02/16 | S1: 02/17 | T1: 02/18 | U1: 02/19 | V1: 02/20 | W1: 02/21 | X1: 02/22 | Y1: 02/23 | Z1: 02/24 | AA1: 02/25 | AB1: 02/26 | AC1: 02/27 | AD1: 02/28 | AE1: MTD Production
A2: Infinity - Loan Setup - Non-QM | B2: 6 | C2: 1.5 | D2: 9
A3: Infinity - Credit - Non-QM | B3: 5 | C3: 1.8 | D3: 9
A4: Infinity - Compliance - Non-QM | B4: 7 | C4: 1.29 | D4: 9
A5: Infinity - Credit QC - Non-QM | B5: 6 | C5: 1.5 | D5: 9
A6: Infinity - Compliance QC - Non-QM | B6: 13 | C6: 0.69 | D6: 9
A7: Infinity -PreClose Loan Setup | B7: 6 | C7: 1.5 | D7: 9
A8: Infinity -PreClose Credit | B8: 6 | C8: 1.5 | D8: 9
A9: Infinity -PreClose Credit QC | B9: 7 | C9: 1.29 | D9: 9
A10: Infinity - Review | B10: 3 | C10: 3 | D10: 9
A11: Infinity - QC | B11: 4 | C11: 2.25 | D11: 9
A13: Canopy - Credit | B13: 3 | C13: 3 | D13: 9 | E13: 3 | F13: 3 | G13: 4 | H13: 0 | I13: 3 | J13: 0 | K13: 3 | L13: 3 | M13: 3 | N13: 4 | O13: 0 | P13: 0 | Q13: 0 | R13: 3 | S13: 3 | T13: 3 | U13: 4 | V13: 3 | W13: 0 | X13: 0 | Y13: 3 | Z13: 4 | AA13: 3 | AB13: 4 | AC13: 3 | AD13: 0
A14: Canopy - Credit- Deephaven | B14: 2 | C14: 4.5 | D14: 9
A15: Canopy - Compliance | B15: 6 | C15: 1.5 | D15: 9
A16: Agency - Credit QC | B16: 8 | C16: 1.3 | D16: 9
A17: Agency - Compliance QC | B17: 13 | C17: 0.69 | D17: 9
A18: Schwab - Credit | B18: 2.5 | C18: 3.6 | D18: 9
A19: Schwab - Credit QC | B19: 5 | C19: 1.8 | D19: 9
A20: Griffin Pre - Credit | B20: 4 | C20: 2.25 | D20: 9
A21: Conditions - Credit (18) | B21: 25 | C21: 0.36 | D21: 9
A22: Conditions - Compliance (20) | B22: 22.5 | C22: 0.4 | D22: 9
A23: Other | B23: 3 | C23: 3 | D23: 9
A24: Points Per Day | E24: =(E13*C13) | F24: =(F13*C13) | G24: =(G13*C13) | I24: =(I13*C13) | K24: =(K13*C13) | L24: =(L13*C13) | M24: =(M13*C13) | N24: =(N13*C13) | R24: =(R13*C13) | S24: =(S13*C13) | T24: =(T13*C13) | U24: =(U13*C13) | V24: =(V13*C13) | Y24: =(Y13*C13) | Z24: =(Z13*C13) | AA24: =(AA13*C13) | AB24: =(AB13*C13) | AC24: =(AC13*C13) | AE24: =SUM(E24:AD24)
A25: Actual Hours Worked | AE25: =SUM(E25:AD25)
A26: Hours Worked (Adjusted as per day target) | AE26: =SUM(E26:AD26)
A27: Approved PTO | E27: 0 | F27: 0 | G27: 0 | H27: 0 | I27: 0 | J27: 0 | K27: 0 | L27: 0 | M27: 0 | N27: 0 | O27: 0 | P27: 0 | Q27: 0 | R27: 0 | S27: 0 | T27: 0 | U27: 0 | V27: 0 | W27: 0 | X27: 0 | Y27: 0 | Z27: 0 | AA27: 0 | AB27: 0 | AC27: 0 | AD27: 0 | AE27: =SUM(E27:AD27)
A28: Producticity % | AE28: =AE24/AE26
A30: Unproductive Time Explanation
A31: Date | B31: Reason | C31: Hours

Sheet Gina Suzana
A1: Process | B1: Per Day Target | C1: Hourly Target | D1: Hours/Day | E1: 02/02 | F1: 02/03 | G1: 02/04 | H1: 02/05 | I1: 02/06 | J1: 02/07 | K1: 02/09 | L1: 02/10 | M1: 02/11 | N1: 02/12 | O1: 02/13 | P1: 02/14 | Q1: 02/15 | R1: 02/16 | S1: 02/17 | T1: 02/18 | U1: 02/19 | V1: 02/20 | W1: 02/21 | X1: 02/22 | Y1: 02/23 | Z1: 02/24 | AA1: 02/25 | AB1: 02/26 | AC1: 02/27 | AD1: 02/28 | AE1: MTD Production
A2: Infinity - Loan Setup - Non-QM | B2: 6 | C2: 1.5 | D2: 9
A3: Infinity - Credit - Non-QM | B3: 5 | C3: 1.8 | D3: 9
A4: Infinity - Compliance - Non-QM | B4: 7 | C4: 1.29 | D4: 9 | E4: 1 | F4: 1 | G4: 0 | H4: 1 | I4: 0 | J4: 0 | K4: 1 | L4: 3 | M4: 7 | N4: 11 | O4: 4 | P4: 0 | Q4: 0 | R4: 1 | S4: 1 | T4: 1 | U4: 1 | V4: 0 | W4: 0 | X4: 0 | Y4: 3 | Z4: 6 | AA4: 7 | AB4: 6 | AC4: 3 | AD4: 0
A5: Infinity - Credit QC - Non-QM | B5: 6 | C5: 1.5 | D5: 9
A6: Infinity - Compliance QC - Non-QM | B6: 13 | C6: 0.69 | D6: 9
A7: Infinity -PreClose Loan Setup | B7: 6 | C7: 1.5 | D7: 9
A8: Infinity -PreClose Credit | B8: 6 | C8: 1.5 | D8: 9
A9: Infinity -PreClose Credit QC | B9: 7 | C9: 1.29 | D9: 9
A10: Infinity - Review | B10: 3 | C10: 3 | D10: 9
A11: Infinity - QC | B11: 4 | C11: 2.25 | D11: 9
A13: Canopy - Credit | B13: 3 | C13: 3 | D13: 9
A14: Canopy - Credit- Deephaven | B14: 2 | C14: 4.5 | D14: 9
A15: Canopy - Compliance | B15: 6 | C15: 1.5 | D15: 9
A16: Agency - Credit QC | B16: 8 | C16: 1.3 | D16: 9
A17: Agency - Compliance QC | B17: 13 | C17: 0.69 | D17: 9
... A23: Other | B23: 3 | C23: 3 | D23: 9
A24: Points Per Day | E24: =(E4*C4) | F24: =(F4*C4) | H24: =(H4*C4) | K24: =(K4*C4) | L24: =(L4*C4) | M24: =(M4*C4) | N24: =(N4*C4) | O24: =(O4*C4) | R24: =(R4*C4) | S24: =(S4*C4) | T24: =(T4*C4) | U24: =(U4*C4) | Y24: =(Y4*C4) | Z24: =(Z4*C4) | AA24: =(AA4*C4) | AB24: =(AB4*C4) | AC24: =(AC4*C4) | AE24: =SUM(E24:AD24)
A25: Actual Hours Worked | AE25: =SUM(E25:AD25)
A26: Hours Worked (Adjusted as per day target) | AE26: =SUM(E26:AD26)
A27: Approved PTO | E27: 0 | F27: 0 | G27: 0 | H27: 0 | I27: 0 | J27: 0 | K27: 0 | L27: 0 | M27: 0 | N27: 0 | O27: 0 | P27: 0 | Q27: 0 | R27: 0 | S27: 0 | T27: 0 | U27: 0 | V27: 0 | W27: 0 | X27: 0 | Y27: 0 | Z27: 0 | AA27: 0 | AB27: 0 | AC27: 0 | AD27: 0 | AE27: =SUM(E27:AD27)
A28: Producticity % | AE28: =AE24/AE26
A30: Unproductive Time Explanation
A31: Date | B31: Reason | C31: Hours

Sheet Gloria Edison
A1: Process | B1: Per Day Target | C1: Hourly Target | D1: Hours/Day | E1: 02/02 | F1: 02/03 | G1: 02/04 | H1: 02/05 | I1: 02/06 | J1: 02/07 | K1: 02/09 | L1: 02/10 | M1: 02/11 | N1: 02/12 | O1: 02/13 | P1: 02/14 | Q1: 02/15 | R1: 02/16 | S1: 02/17 | T1: 02/18 | U1: 02/19 | V1: 02/20 | W1: 02/21 | X1: 02/22 | Y1: 02/23 | Z1: 02/24 | AA1: 02/25 | AB1: 02/26 | AC1: 02/27 | AD1: 02/28 | AE1: MTD Production
A2: Infinity - Loan Setup - Non-QM | B2: 6 | C2: 1.5 | D2: 9
A3: Infinity - Credit - Non-QM | B3: 5 | C3: 1.8 | D3: 9
A4: Infinity - Compliance - Non-QM | B4: 7 | C4: 1.29 | D4: 9
A5: Infinity - Credit QC - Non-QM | B5: 6 | C5: 1.5 | D5: 9
A6: Infinity - Compliance QC - Non-QM | B6: 13 | C6: 0.69 | D6: 9
A7: Infinity -PreClose Loan Setup | B7: 6 | C7: 1.5 | D7: 9
A8: Infinity -PreClose Credit | B8: 6 | C8: 1.5 | D8: 9
A9: Infinity -PreClose Credit QC | B9: 7 | C9: 1.29 | D9: 9
A10: Infinity - Review | B10: 3 | C10: 3 | D10: 9
A11: Infinity - QC | B11: 4 | C11: 2.25 | D11: 9
A13: Canopy - Credit | B13: 3 | C13: 3 | D13: 9 | E13: 0 | F13: 0 | G13: 0 | H13: 2 | I13: 2 | J13: 0 | K13: 3 | L13: 4 | M13: 4 | N13: 3 | O13: 3 | P13: 0 | Q13: 0 | R13: 4 | S13: 3 | T13: 0 | U13: 3 | V13: 2 | W13: 0 | X13: 0 | Y13: 3 | Z13: 2 | AA13: 3 | AB13: 3 | AC13: 0 | AD13: 0
A14: Canopy - Credit- Deephaven | B14: 2 | C14: 4.5 | D14: 9
A15: Canopy - Compliance | B15: 6 | C15: 1.5 | D15: 9
A16: Agency - Credit QC | B16: 8 | C16: 1.3 | D16: 9
A17: Agency - Compliance QC | B17: 13 | C17: 0.69 | D17: 9
A18: Schwab - Credit | B18: 2.5 | C18: 3.6 | D18: 9
A19: Schwab - Credit QC | B19: 5 | C19: 1.8 | D19: 9
A20: Griffin Pre - Credit | B20: 4 | C20: 2.25 | D20: 9
A21: Conditions - Credit (18) | B21: 25 | C21: 0.36 | D21: 9
A22: Conditions - Compliance (20) | B22: 22.5 | C22: 0.4 | D22: 9
A23: Other | B23: 3 | C23: 3 | D23: 9
A24: Points Per Day | H24: =(H13*C13) | I24: =(I13*C13) | K24: =(K13*C13) | L24: =(L13*C13) | M24: =(M13*C13) | N24: =(N13*C13) | O24: =(O13*C13) | R24: =(R13*C13) | S24: =(S13*C13) | U24: =(U13*C13) | V24: =(V13*C13) | Y24: =(Y13*C13) | Z24: =(Z13*C13) | AA24: =(AA13*C13) | AB24: =(AB13*C13) | AE24: =SUM(E24:AD24)
A25: Actual Hours Worked | AE25: =SUM(E25:AD25)
A26: Hours Worked (Adjusted as per day target) | AE26: =SUM(E26:AD26)
A27: Approved PTO | E27: 0 | F27: 0 | G27: 0 | H27: 0 | I27: 0 | J27: 0 | K27: 0 | L27: 0 | M27: 0 | N27: 0 | O27: 0 | P27: 0 | Q27: 0 | R27: 0 | S27: 0 | T27: 0 | U27: 0 | V27: 0 | W27: 0 | X27: 0 | Y27: 0 | Z27: 0 | AA27: 0 | AB27: 0 | AC27: 0 | AD27: 0 | AE27: =SUM(E27:AD27)
A28: Producticity % | AE28: =AE24/AE26
A30: Unproductive Time Explanation
A31: Date | B31: Reason | C31: Hours

Sheet Iris Nova
A1: Process | B1: Per Day Target | C1: Hourly Target | D1: Hours/Day | E1: 02/02 | F1: 02/03 | G1: 02/04 | H1: 02/05 | I1: 02/06 | J1: 02/07 | K1: 02/09 | L1: 02/10 | M1: 02/11 | N1: 02/12 | O1: 02/13 | P1: 02/14 | Q1: 02/15 | R1: 02/16 | S1: 02/17 | T1: 02/18 | U1: 02/19 | V1: 02/20 | W1: 02/21 | X1: 02/22 | Y1: 02/23 | Z1: 02/24 | AA1: 02/25 | AB1: 02/26 | AC1: 02/27 | AD1: 02/28 | AE1: MTD Production
A2: Infinity - Loan Setup - Non-QM | B2: 6 | C2: 1.5 | D2: 9
A3: Infinity - Credit - Non-QM | B3: 5 | C3: 1.8 | D3: 9
A4: Infinity - Compliance - Non-QM | B4: 7 | C4: 1.29 | D4: 9 | E4: 0 | F4: 0 | G4: 0 | H4: 0 | I4: 3 | J4: 0 | K4: 0 | L4: 0 | M4: 0 | N4: 0 | O4: 0 | P4: 0 | Q4: 0 | R4: 0 | S4: 0 | T4: 0 | U4: 0 | V4: 0 | W4: 0 | X4: 0 | Y4: 0 | Z4: 0 | AA4: 5 | AB4: 1 | AC4: 1 | AD4: 0
A5: Infinity - Credit QC - Non-QM | B5: 6 | C5: 1.5 | D5: 9
A6: Infinity - Compliance QC - Non-QM | B6: 13 | C6: 0.69 | D6: 9
A7: Infinity -PreClose Loan Setup | B7: 6 | C7: 1.5 | D7: 9
A8: Infinity -PreClose Credit | B8: 6 | C8: 1.5 | D8: 9
A9: Infinity -PreClose Credit QC | B9: 7 | C9: 1.29 | D9: 9
A10: Infinity - Review | B10: 3 | C10: 3 | D10: 9
A11: Infinity - QC | B11: 4 | C11: 2.25 | D11: 9
A13: Canopy - Credit | B13: 3 | C13: 3 | D13: 9
A14: Canopy - Credit- Deephaven | B14: 2 | C14: 4.5 | D14: 9
A15: Canopy - Compliance | B15: 6 | C15: 1.5 | D15: 9 | E15: 4 | F15: 4 | G15: 0 | H15: 6 | I15: 4 | J15: 0 | K15: 3 | L15: 1 | M15: 0 | N15: 0 | O15: 0 | P15: 0 | Q15: 0 | R15: 8 | S15: 5 | T15: 8 | U15: 1 | V15: 4 | W15: 0 | X15: 0 | Y15: 10 | Z15: 6 | AA15: 6 | AB15: 0 | AC15: 0 | AD15: 0
A16: Agency - Credit QC | B16: 8 | C16: 1.3 | D16: 9
A17: Agency - Compliance QC | B17: 13 | C17: 0.69 | D17: 9
A18: Schwab - Credit | B18: 2.5 | C18: 3.6 | D18: 9
A19: Schwab - Credit QC | B19: 5 | C19: 1.8 | D19: 9
A20: Griffin Pre - Credit | B20: 4 | C20: 2.25 | D20: 9
A21: Conditions - Credit (18) | B21: 25 | C21: 0.36 | D21: 9
A22: Conditions - Compliance (20) | B22: 22.5 | C22: 0.4 | D22: 9
A23: Other | B23: 3 | C23: 3 | D23: 9
A24: Points Per Day | E24: =(E15*C15) | F24: =(F15*C15) | H24: =(H15*C15) | I24: =(I4*C4)+(I15*C15) | K24: =(K15*C15) | L24: =(L15*C15) | R24: =(R15*C15) | S24: =(S15*C15) | T24: =(T15*C15) | U24: =(U15*C15) | V24: =(V15*C15) | Y24: =(Y15*C15) | Z24: =(Z15*C15) | AA24: =(AA4*C4)+(AA15*C15) | AB24: =(AB4*C4) | AC24: =(AC4*C4) | AE24: =SUM(E24:AD24)
A25: Actual Hours Worked | AE25: =SUM(E25:AD25)
A26: Hours Worked (Adjusted as per day target) | AE26: =SUM(E26:AD26)
A27: Approved PTO | E27: 0 | F27: 0 | G27: 0 | H27: 0 | I27: 0 | J27: 0 | K27: 0 | L27: 0 | M27: 0 | N27: 0 | O27: 0 | P27: 0 | Q27: 0 | R27: 0 | S27: 0 | T27: 0 | U27: 0 | V27: 0 | W27: 0 | X27: 0 | Y27: 0 | Z27: 0 | AA27: 0 | AB27: 0 | AC27: 0 | AD27: 0 | AE27: =SUM(E27:AD27)
A28: Producticity % | AE28: =AE24/AE26
A30: Unproductive Time Explanation
A31: Date | B31: Reason | C31: Hours

Sheet Irvin Kim
A1: Process | B1: Per Day Target | C1: Hourly Target | D1: Hours/Day | E1: 02/02 | F1: 02/03 | G1: 02/04 | H1: 02/05 | I1: 02/06 | J1: 02/07 | K1: 02/09 | L1: 02/10 | M1: 02/11 | N1: 02/12 | O1: 02/13 | P1: 02/14 | Q1: 02/15 | R1: 02/16 | S1: 02/17 | T1: 02/18 | U1: 02/19 | V1: 02/20 | W1: 02/21 | X1: 02/22 | Y1: 02/23 | Z1: 02/24 | AA1: 02/25 | AB1: 02/26 | AC1: 02/27 | AD1: 02/28 | AE1: MTD Production
A2: Infinity - Loan Setup - Non-QM | B2: 6 | C2: 1.5 | D2: 9
A3: Infinity - Credit - Non-QM | B3: 5 | C3: 1.8 | D3: 9
A4: Infinity - Compliance - Non-QM | B4: 7 | C4: 1.29 | D4: 9
A5: Infinity - Credit QC - Non-QM | B5: 6 | C5: 1.5 | D5: 9
A6: Infinity - Compliance QC - Non-QM | B6: 13 | C6: 0.69 | D6: 9
A7: Infinity -PreClose Loan Setup | B7: 6 | C7: 1.5 | D7: 9
A8: Infinity -PreClose Credit | B8: 6 | C8: 1.5 | D8: 9
A9: Infinity -PreClose Credit QC | B9: 7 | C9: 1.29 | D9: 9
A10: Infinity - Review | B10: 3 | C10: 3 | D10: 9
A11: Infinity - QC | B11: 4 | C11: 2.25 | D11: 9
A13: Canopy - Credit | B13: 3 | C13: 3 | D13: 9 | E13: 2 | F13: 1 | G13: 1 | H13: 1 | I13: 1 | J13: 0 | K13: 1 | L13: 0 | M13: 1 | N13: 1 | O13: 1 | P13: 0 | Q13: 0 | R13: 1 | S13: 1 | T13: 1 | U13: 1 | V13: 1 | W13: 0 | X13: 0 | Y13: 1 | Z13: 1 | AA13: 1 | AB13: 1 | AC13: 1 | AD13: 0
A14: Canopy - Credit- Deephaven | B14: 2 | C14: 4.5 | D14: 9
A15: Canopy - Compliance | B15: 6 | C15: 1.5 | D15: 9
A16: Agency - Credit QC | B16: 8 | C16: 1.3 | D16: 9
A17: Agency - Compliance QC | B17: 13 | C17: 0.69 | D17: 9
A18: Schwab - Credit | B18: 2.5 | C18: 3.6 | D18: 9
A19: Schwab - Credit QC | B19: 5 | C19: 1.8 | D19: 9
A20: Griffin Pre - Credit | B20: 4 | C20: 2.25 | D20: 9
A21: Conditions - Credit (18) | B21: 25 | C21: 0.36 | D21: 9
A22: Conditions - Compliance (20) | B22: 22.5 | C22: 0.4 | D22: 9
A23: Other | B23: 3 | C23: 3 | D23: 9
A24: Points Per Day | E24: =(E13*C13) | F24: =(F13*C13) | G24: =(G13*C13) | H24: =(H13*C13) | I24: =(I13*C13) | K24: =(K13*C13) | M24: =(M13*C13) | N24: =(N13*C13) | O24: =(O13*C13) | R24: =(R13*C13) | S24: =(S13*C13) | T24: =(T13*C13) | U24: =(U13*C13) | V24: =(V13*C13) | Y24: =(Y13*C13) | Z24: =(Z13*C13) | AA24: =(AA13*C13) | AB24: =(AB13*C13) | AC24: =(AC13*C13) | AE24: =SUM(E24:AD24)
A25: Actual Hours Worked | AE25: =SUM(E25:AD25)
A26: Hours Worked (Adjusted as per day target) | AE26: =SUM(E26:AD26)
A27: Approved PTO | E27: 0 | F27: 0 | G27: 0 | H27: 0 | I27: 0 | J27: 0 | K27: 0 | L27: 0 | M27: 0 | N27: 0 | O27: 0 | P27: 0 | Q27: 0 | R27: 0 | S27: 0 | T27: 0 | U27: 0 | V27: 0 | W27: 0 | X27: 0 | Y27: 0 | Z27: 0 | AA27: 0 | AB27: 0 | AC27: 0 | AD27: 0 | AE27: =SUM(E27:AD27)
A28: Producticity % | AE28: =AE24/AE26
A30: Unproductive Time Explanation
A31: Date | B31: Reason | C31: Hours

Sheet Iverson Karter
A1: Process | B1: Per Day Target | C1: Hourly Target | D1: Hours/Day | E1: 02/02 | F1: 02/03 | G1: 02/04 | H1: 02/05 | I1: 02/06 | J1: 02/07 | K1: 02/09 | L1: 02/10 | M1: 02/11 | N1: 02/12 | O1: 02/13 | P1: 02/14 | Q1: 02/15 | R1: 02/16 | S1: 02/17 | T1: 02/18 | U1: 02/19 | V1: 02/20 | W1: 02/21 | X1: 02/22 | Y1: 02/23 | Z1: 02/24 | AA1: 02/25 | AB1: 02/26 | AC1: 02/27 | AD1: 02/28 | AE1: MTD Production
A2: Infinity - Loan Setup - Non-QM | B2: 6 | C2: 1.5 | D2: 9
A3: Infinity - Credit - Non-QM | B3: 5 | C3: 1.8 | D3: 9
A4: Infinity - Compliance - Non-QM | B4: 7 | C4: 1.29 | D4: 9
A5: Infinity - Credit QC - Non-QM | B5: 6 | C5: 1.5 | D5: 9
A6: Infinity - Compliance QC - Non-QM | B6: 13 | C6: 0.69 | D6: 9
A7: Infinity -PreClose Loan Setup | B7: 6 | C7: 1.5 | D7: 9
A8: Infinity -PreClose Credit | B8: 6 | C8: 1.5 | D8: 9
A9: Infinity -PreClose Credit QC | B9: 7 | C9: 1.29 | D9: 9
A10: Infinity - Review | B10: 3 | C10: 3 | D10: 9
A11: Infinity - QC | B11: 4 | C11: 2.25 | D11: 9
A13: Canopy - Credit | B13: 3 | C13: 3 | D13: 9 | E13: 3 | F13: 0 | G13: 0 | H13: 2 | I13: 8 | J13: 0 | K13: 3 | L13: 4 | M13: 3 | N13: 4 | O13: 6 | P13: 0 | Q13: 0 | R13: 4 | S13: 2 | T13: 4 | U13: 4 | V13: 3 | W13: 4 | X13: 3 | Y13: 3 | Z13: 3 | AA13: 3 | AB13: 4 | AC13: 3 | AD13: 0
A14: Canopy - Credit- Deephaven | B14: 2 | C14: 4.5 | D14: 9
A15: Canopy - Compliance | B15: 6 | C15: 1.5 | D15: 9
A16: Agency - Credit QC | B16: 8 | C16: 1.3 | D16: 9
A17: Agency - Compliance QC | B17: 13 | C17: 0.69 | D17: 9
A18: Schwab - Credit | B18: 2.5 | C18: 3.6 | D18: 9
A19: Schwab - Credit QC | B19: 5 | C19: 1.8 | D19: 9
A20: Griffin Pre - Credit | B20: 4 | C20: 2.25 | D20: 9
A21: Conditions - Credit (18) | B21: 25 | C21: 0.36 | D21: 9
A22: Conditions - Compliance (20) | B22: 22.5 | C22: 0.4 | D22: 9
A23: Other | B23: 3 | C23: 3 | D23: 9
A24: Points Per Day | E24: =(E13*C13) | H24: =(H13*C13) | I24: =(I13*C13) | K24: =(K13*C13) | L24: =(L13*C13) | M24: =(M13*C13) | N24: =(N13*C13) | O24: =(O13*C13) | R24: =(R13*C13) | S24: =(S13*C13) | T24: =(T13*C13) | U24: =(U13*C13) | V24: =(V13*C13) | W24: =(W13*C13) | X24: =(X13*C13) | Y24: =(Y13*C13) | Z24: =(Z13*C13) | AA24: =(AA13*C13) | AB24: =(AB13*C13) | AC24: =(AC13*C13) | AE24: =SUM(E24:AD24)
A25: Actual Hours Worked | AE25: =SUM(E25:AD25)
A26: Hours Worked (Adjusted as per day target) | AE26: =SUM(E26:AD26)
A27: Approved PTO | E27: 0 | F27: 0 | G27: 0 | H27: 0 | I27: 0 | J27: 0 | K27: 0 | L27: 0 | M27: 0 | N27: 0 | O27: 0 | P27: 0 | Q27: 0 | R27: 0 | S27: 0 | T27: 0 | U27: 0 | V27: 0 | W27: 0 | X27: 0 | Y27: 0 | Z27: 0 | AA27: 0 | AB27: 0 | AC27: 0 | AD27: 0 | AE27: =SUM(E27:AD27)
A28: Producticity % | AE28: =AE24/AE26
A30: Unproductive Time Explanation
A31: Date | B31: Reason | C31: Hours

Sheet Jacob Stev
A1: Process | B1: Per Day Target | C1: Hourly Target | D1: Hours/Day | E1: 02/02 | F1: 02/03 | G1: 02/04 | H1: 02/05 | I1: 02/06 | J1: 02/07 | K1: 02/09 | L1: 02/10 | M1: 02/11 | N1: 02/12 | O1: 02/13 | P1: 02/14 | Q1: 02/15 | R1: 02/16 | S1: 02/17 | T1: 02/18 | U1: 02/19 | V1: 02/20 | W1: 02/21 | X1: 02/22 | Y1: 02/23 | Z1: 02/24 | AA1: 02/25 | AB1: 02/26 | AC1: 02/27 | AD1: 02/28 | AE1: MTD Production
A2: Infinity - Loan Setup - Non-QM | B2: 6 | C2: 1.5 | D2: 9 | E2: 0 | F2: 0 | G2: 0 | H2: 0 | I2: 0 | J2: 0 | K2: 1 | L2: 7 | M2: 7 | N2: 1 | O2: 0 | P2: 0 | Q2: 0 | R2: 0 | S2: 0 | T2: 0 | U2: 0 | V2: 0 | W2: 0 | X2: 0 | Y2: 0 | Z2: 7 | AA2: 5 | AB2: 4 | AC2: 1 | AD2: 0
A3: Infinity - Credit - Non-QM | B3: 5 | C3: 1.8 | D3: 9
A4: Infinity - Compliance - Non-QM | B4: 7 | C4: 1.29 | D4: 9
A5: Infinity - Credit QC - Non-QM | B5: 6 | C5: 1.5 | D5: 9
A6: Infinity - Compliance QC - Non-QM | B6: 13 | C6: 0.69 | D6: 9
A7: Infinity -PreClose Loan Setup | B7: 6 | C7: 1.5 | D7: 9 | E7: 0 | F7: 1 | G7: 1 | H7: 0 | I7: 0 | J7: 0 | K7: 0 | L7: 0 | M7: 0 | N7: 0 | O7: 0 | P7: 0 | Q7: 0 | R7: 0 | S7: 1 | T7: 1 | U7: 0 | V7: 0 | W7: 0 | X7: 0 | Y7: 0 | Z7: 1 | AA7: 0 | AB7: 0 | AC7: 0 | AD7: 0
A8: Infinity -PreClose Credit | B8: 6 | C8: 1.5 | D8: 9
A9: Infinity -PreClose Credit QC | B9: 7 | C9: 1.29 | D9: 9
A10: Infinity - Review | B10: 3 | C10: 3 | D10: 9
A11: Infinity - QC | B11: 4 | C11: 2.25 | D11: 9
A13: Canopy - Credit | B13: 3 | C13: 3 | D13: 9
A14: Canopy - Credit- Deephaven | B14: 2 | C14: 4.5 | D14: 9
A15: Canopy - Compliance | B15: 6 | C15: 1.5 | D15: 9
A16: Agency - Credit QC | B16: 8 | C16: 1.3 | D16: 9
A17: Agency - Compliance QC | B17: 13 | C17: 0.69 | D17: 9
A18: Schwab - Credit | B18: 2.5 | C18: 3.6 | D18: 9
A19: Schwab - Credit QC | B19: 5 | C19: 1.8 | D19: 9
A20: Griffin Pre - Credit | B20: 4 | C20: 2.25 | D20: 9
... A23: Other | B23: 3 | C23: 3 | D23: 9
A24: Points Per Day | F24: =(F7*C7) | G24: =(G7*C7) | K24: =(K2*C2) | L24: =(L2*C2) | M24: =(M2*C2) | N24: =(N2*C2) | S24: =(S7*C7) | T24: =(T7*C7) | Z24: =(Z2*C2)+(Z7*C7) | AA24: =(AA2*C2) | AB24: =(AB2*C2) | AC24: =(AC2*C2) | AE24: =SUM(E24:AD24)
A25: Actual Hours Worked | AE25: =SUM(E25:AD25)
A26: Hours Worked (Adjusted as per day target) | AE26: =SUM(E26:AD26)
A27: Approved PTO | E27: 0 | F27: 0 | G27: 0 | H27: 0 | I27: 0 | J27: 0 | K27: 0 | L27: 0 | M27: 0 | N27: 0 | O27: 0 | P27: 0 | Q27: 0 | R27: 0 | S27: 0 | T27: 0 | U27: 0 | V27: 0 | W27: 0 | X27: 0 | Y27: 0 | Z27: 0 | AA27: 0 | AB27: 0 | AC27: 0 | AD27: 0 | AE27: =SUM(E27:AD27)
A28: Producticity % | AE28: =AE24/AE26
A30: Unproductive Time Explanation
A31: Date | B31: Reason | C31: Hours

Sheet Julianne Moore
A1: Process | B1: Per Day Target | C1: Hourly Target | D1: Hours/Day | E1: 02/02 | F1: 02/03 | G1: 02/04 | H1: 02/05 | I1: 02/06 | J1: 02/07 | K1: 02/09 | L1: 02/10 | M1: 02/11 | N1: 02/12 | O1: 02/13 | P1: 02/14 | Q1: 02/15 | R1: 02/16 | S1: 02/17 | T1: 02/18 | U1: 02/19 | V1: 02/20 | W1: 02/21 | X1: 02/22 | Y1: 02/23 | Z1: 02/24 | AA1: 02/25 | AB1: 02/26 | AC1: 02/27 | AD1: 02/28 | AE1: MTD Production
A2: Infinity - Loan Setup - Non-QM | B2: 6 | C2: 1.5 | D2: 9 | E2: 1 | F2: 0 | G2: 0 | H2: 0 | I2: 0 | J2: 0 | K2: 2 | L2: 7 | M2: 7 | N2: 0 | O2: 0 | P2: 0 | Q2: 0 | R2: 0 | S2: 0 | T2: 0 | U2: 0 | V2: 0 | W2: 0 | X2: 0 | Y2: 5 | Z2: 6 | AA2: 5 | AB2: 3 | AC2: 1 | AD2: 0
A3: Infinity - Credit - Non-QM | B3: 5 | C3: 1.8 | D3: 9
A4: Infinity - Compliance - Non-QM | B4: 7 | C4: 1.29 | D4: 9
A5: Infinity - Credit QC - Non-QM | B5: 6 | C5: 1.5 | D5: 9
A6: Infinity - Compliance QC - Non-QM | B6: 13 | C6: 0.69 | D6: 9
A7: Infinity -PreClose Loan Setup | B7: 6 | C7: 1.5 | D7: 9 | E7: 0 | F7: 1 | G7: 1 | H7: 0 | I7: 0 | J7: 0 | K7: 0 | L7: 0 | M7: 0 | N7: 0 | O7: 0 | P7: 0 | Q7: 0 | R7: 1 | S7: 0 | T7: 1 | U7: 0 | V7: 0 | W7: 0 | X7: 0 | Y7: 2 | Z7: 1 | AA7: 0 | AB7: 1 | AC7: 0 | AD7: 0
A8: Infinity -PreClose Credit | B8: 6 | C8: 1.5 | D8: 9
A9: Infinity -PreClose Credit QC | B9: 7 | C9: 1.29 | D9: 9
A10: Infinity - Review | B10: 3 | C10: 3 | D10: 9
A11: Infinity - QC | B11: 4 | C11: 2.25 | D11: 9
A13: Canopy - Credit | B13: 3 | C13: 3 | D13: 9
A14: Canopy - Credit- Deephaven | B14: 2 | C14: 4.5 | D14: 9
A15: Canopy - Compliance | B15: 6 | C15: 1.5 | D15: 9
A16: Agency - Credit QC | B16: 8 | C16: 1.3 | D16: 9
A17: Agency - Compliance QC | B17: 13 | C17: 0.69 | D17: 9
A18: Schwab - Credit | B18: 2.5 | C18: 3.6 | D18: 9
A19: Schwab - Credit QC | B19: 5 | C19: 1.8 | D19: 9
A20: Griffin Pre - Credit | B20: 4 | C20: 2.25 | D20: 9
... A23: Other | B23: 3 | C23: 3 | D23: 9
A24: Points Per Day | E24: =(E2*C2) | F24: =(F7*C7) | G24: =(G7*C7) | K24: =(K2*C2) | L24: =(L2*C2) | M24: =(M2*C2) | R24: =(R7*C7) | T24: =(T7*C7) | Y24: =(Y2*C2)+(Y7*C7) | Z24: =(Z2*C2)+(Z7*C7) | AA24: =(AA2*C2) | AB24: =(AB2*C2)+(AB7*C7) | AC24: =(AC2*C2) | AE24: =SUM(E24:AD24)
A25: Actual Hours Worked | AE25: =SUM(E25:AD25)
A26: Hours Worked (Adjusted as per day target) | AE26: =SUM(E26:AD26)
A27: Approved PTO | E27: 0 | F27: 0 | G27: 0 | H27: 0 | I27: 0 | J27: 0 | K27: 0 | L27: 0 | M27: 0 | N27: 0 | O27: 0 | P27: 0 | Q27: 0 | R27: 0 | S27: 0 | T27: 0 | U27: 0 | V27: 0 | W27: 0 | X27: 0 | Y27: 0 | Z27: 0 | AA27: 0 | AB27: 0 | AC27: 0 | AD27: 0 | AE27: =SUM(E27:AD27)
A28: Producticity % | AE28: =AE24/AE26
A30: Unproductive Time Explanation
A31: Date | B31: Reason | C31: Hours

Sheet Kaizen Kane
A1: Process | B1: Per Day Target | C1: Hourly Target | D1: Hours/Day | E1: 02/02 | F1: 02/03 | G1: 02/04 | H1: 02/05 | I1: 02/06 | J1: 02/07 | K1: 02/09 | L1: 02/10 | M1: 02/11 | N1: 02/12 | O1: 02/13 | P1: 02/14 | Q1: 02/15 | R1: 02/16 | S1: 02/17 | T1: 02/18 | U1: 02/19 | V1: 02/20 | W1: 02/21 | X1: 02/22 | Y1: 02/23 | Z1: 02/24 | AA1: 02/25 | AB1: 02/26 | AC1: 02/27 | AD1: 02/28 | AE1: MTD Production
A2: Infinity - Loan Setup - Non-QM | B2: 6 | C2: 1.5 | D2: 9
A3: Infinity - Credit - Non-QM | B3: 5 | C3: 1.8 | D3: 9 | E3: 0 | F3: 0 | G3: 0 | H3: 0 | I3: 3 | J3: 0 | K3: 0 | L3: 0 | M3: 0 | N3: 0 | O3: 0 | P3: 0 | Q3: 0 | R3: 0 | S3: 0 | T3: 0 | U3: 0 | V3: 0 | W3: 0 | X3: 0 | Y3: 0 | Z3: 3 | AA3: 0 | AB3: 0 | AC3: 0 | AD3: 0
A4: Infinity - Compliance - Non-QM | B4: 7 | C4: 1.29 | D4: 9
A5: Infinity - Credit QC - Non-QM | B5: 6 | C5: 1.5 | D5: 9
A6: Infinity - Compliance QC - Non-QM | B6: 13 | C6: 0.69 | D6: 9
A7: Infinity -PreClose Loan Setup | B7: 6 | C7: 1.5 | D7: 9
A8: Infinity -PreClose Credit | B8: 6 | C8: 1.5 | D8: 9
A9: Infinity -PreClose Credit QC | B9: 7 | C9: 1.29 | D9: 9
A10: Infinity - Review | B10: 3 | C10: 3 | D10: 9
A11: Infinity - QC | B11: 4 | C11: 2.25 | D11: 9
A13: Canopy - Credit | B13: 3 | C13: 3 | D13: 9 | E13: 4 | F13: 3 | G13: 4 | H13: 3 | I13: 2 | J13: 0 | K13: 0 | L13: 0 | M13: 0 | N13: 7 | O13: 3 | P13: 0 | Q13: 0 | R13: 2 | S13: 4 | T13: 3 | U13: 4 | V13: 3 | W13: 0 | X13: 0 | Y13: 3 | Z13: 1 | AA13: 3 | AB13: 3 | AC13: 4 | AD13: 2
A14: Canopy - Credit- Deephaven | B14: 2 | C14: 4.5 | D14: 9
A15: Canopy - Compliance | B15: 6 | C15: 1.5 | D15: 9
A16: Agency - Credit QC | B16: 8 | C16: 1.3 | D16: 9
A17: Agency - Compliance QC | B17: 13 | C17: 0.69 | D17: 9
A18: Schwab - Credit | B18: 2.5 | C18: 3.6 | D18: 9
A19: Schwab - Credit QC | B19: 5 | C19: 1.8 | D19: 9
A20: Griffin Pre - Credit | B20: 4 | C20: 2.25 | D20: 9
A21: Conditions - Credit (18) | B21: 25 | C21: 0.36 | D21: 9
A22: Conditions - Compliance (20) | B22: 22.5 | C22: 0.4 | D22: 9
A23: Other | B23: 3 | C23: 3 | D23: 9
A24: Points Per Day | E24: =(E13*C13) | F24: =(F13*C13) | G24: =(G13*C13) | H24: =(H13*C13) | I24: =(I3*C3)+(I13*C13) | N24: =(N13*C13) | O24: =(O13*C13) | R24: =(R13*C13) | S24: =(S13*C13) | T24: =(T13*C13) | U24: =(U13*C13) | V24: =(V13*C13) | Y24: =(Y13*C13) | Z24: =(Z3*C3)+(Z13*C13) | AA24: =(AA13*C13) | AB24: =(AB13*C13) | AC24: =(AC13*C13) | AD24: =(AD13*C13) | AE24: =SUM(E24:AD24)
A25: Actual Hours Worked | AE25: =SUM(E25:AD25)
A26: Hours Worked (Adjusted as per day target) | AE26: =SUM(E26:AD26)
A27: Approved PTO | E27: 0 | F27: 0 | G27: 0 | H27: 0 | I27: 0 | J27: 0 | K27: 0 | L27: 0 | M27: 0 | N27: 0 | O27: 0 | P27: 0 | Q27: 0 | R27: 0 | S27: 0 | T27: 0 | U27: 0 | V27: 0 | W27: 0 | X27: 0 | Y27: 0 | Z27: 0 | AA27: 0 | AB27: 0 | AC27: 0 | AD27: 0 | AE27: =SUM(E27:AD27)
A28: Producticity % | AE28: =AE24/AE26
A30: Unproductive Time Explanation
A31: Date | B31: Reason | C31: Hours

Sheet Kayla Raymond
A1: Process | B1: Per Day Target | C1: Hourly Target | D1: Hours/Day | E1: 02/02 | F1: 02/03 | G1: 02/04 | H1: 02/05 | I1: 02/06 | J1: 02/07 | K1: 02/09 | L1: 02/10 | M1: 02/11 | N1: 02/12 | O1: 02/13 | P1: 02/14 | Q1: 02/15 | R1: 02/16 | S1: 02/17 | T1: 02/18 | U1: 02/19 | V1: 02/20 | W1: 02/21 | X1: 02/22 | Y1: 02/23 | Z1: 02/24 | AA1: 02/25 | AB1: 02/26 | AC1: 02/27 | AD1: 02/28 | AE1: MTD Production
A2: Infinity - Loan Setup - Non-QM | B2: 6 | C2: 1.5 | D2: 9
A3: Infinity - Credit - Non-QM | B3: 5 | C3: 1.8 | D3: 9 | E3: 0 | F3: 0 | G3: 0 | H3: 1 | I3: 0 | J3: 0 | K3: 0 | L3: 5 | M3: 6 | N3: 4 | O3: 3 | P3: 0 | Q3: 0 | R3: 0 | S3: 0 | T3: 1 | U3: 1 | V3: 0 | W3: 0 | X3: 0 | Y3: 2 | Z3: 4 | AA3: 3 | AB3: 3 | AC3: 2 | AD3: 0
A4: Infinity - Compliance - Non-QM | B4: 7 | C4: 1.29 | D4: 9
A5: Infinity - Credit QC - Non-QM | B5: 6 | C5: 1.5 | D5: 9
A6: Infinity - Compliance QC - Non-QM | B6: 13 | C6: 0.69 | D6: 9
A7: Infinity -PreClose Loan Setup | B7: 6 | C7: 1.5 | D7: 9
A8: Infinity -PreClose Credit | B8: 6 | C8: 1.5 | D8: 9 | E8: 0 | F8: 0 | G8: 2 | H8: 0 | I8: 1 | J8: 0 | K8: 1 | L8: 0 | M8: 0 | N8: 0 | O8: 0 | P8: 0 | Q8: 0 | R8: 1 | S8: 0 | T8: 0 | U8: 1 | V8: 0 | W8: 0 | X8: 0 | Y8: 1 | Z8: 0 | AA8: 1 | AB8: 1 | AC8: 2 | AD8: 0
A9: Infinity -PreClose Credit QC | B9: 7 | C9: 1.29 | D9: 9
A10: Infinity - Review | B10: 3 | C10: 3 | D10: 9
A11: Infinity - QC | B11: 4 | C11: 2.25 | D11: 9
A13: Canopy - Credit | B13: 3 | C13: 3 | D13: 9
A14: Canopy - Credit- Deephaven | B14: 2 | C14: 4.5 | D14: 9
A15: Canopy - Compliance | B15: 6 | C15: 1.5 | D15: 9
A16: Agency - Credit QC | B16: 8 | C16: 1.3 | D16: 9
A17: Agency - Compliance QC | B17: 13 | C17: 0.69 | D17: 9
A18: Schwab - Credit | B18: 2.5 | C18: 3.6 | D18: 9
A19: Schwab - Credit QC | B19: 5 | C19: 1.8 | D19: 9
A20: Griffin Pre - Credit | B20: 4 | C20: 2.25 | D20: 9
A21: Conditions - Credit (18) | B21: 25 | C21: 0.36 | D21: 9
... A23: Other | B23: 3 | C23: 3 | D23: 9
A24: Points Per Day | G24: =(G8*C8) | H24: =(H3*C3) | I24: =(I8*C8) | K24: =(K8*C8) | L24: =(L3*C3) | M24: =(M3*C3) | N24: =(N3*C3) | O24: =(O3*C3) | R24: =(R8*C8) | T24: =(T3*C3) | U24: =(U3*C3)+(U8*C8) | Y24: =(Y3*C3)+(Y8*C8) | Z24: =(Z3*C3) | AA24: =(AA3*C3)+(AA8*C8) | AB24: =(AB3*C3)+(AB8*C8) | AC24: =(AC3*C3)+(AC8*C8) | AE24: =SUM(E24:AD24)
A25: Actual Hours Worked | AE25: =SUM(E25:AD25)
A26: Hours Worked (Adjusted as per day target) | AE26: =SUM(E26:AD26)
A27: Approved PTO | E27: 0 | F27: 0 | G27: 0 | H27: 0 | I27: 0 | J27: 0 | K27: 0 | L27: 0 | M27: 0 | N27: 0 | O27: 0 | P27: 0 | Q27: 0 | R27: 0 | S27: 0 | T27: 0 | U27: 0 | V27: 0 | W27: 0 | X27: 0 | Y27: 0 | Z27: 0 | AA27: 0 | AB27: 0 | AC27: 0 | AD27: 0 | AE27: =SUM(E27:AD27)
A28: Producticity % | AE28: =AE24/AE26
A30: Unproductive Time Explanation
A31: Date | B31: Reason | C31: Hours

Sheet Kendall Astor
A1: Process | B1: Per Day Target | C1: Hourly Target | D1: Hours/Day | E1: 02/02 | F1: 02/03 | G1: 02/04 | H1: 02/05 | I1: 02/06 | J1: 02/07 | K1: 02/09 | L1: 02/10 | M1: 02/11 | N1: 02/12 | O1: 02/13 | P1: 02/14 | Q1: 02/15 | R1: 02/16 | S1: 02/17 | T1: 02/18 | U1: 02/19 | V1: 02/20 | W1: 02/21 | X1: 02/22 | Y1: 02/23 | Z1: 02/24 | AA1: 02/25 | AB1: 02/26 | AC1: 02/27 | AD1: 02/28 | AE1: MTD Production
A2: Infinity - Loan Setup - Non-QM | B2: 6 | C2: 1.5 | D2: 9
A3: Infinity - Credit - Non-QM | B3: 5 | C3: 1.8 | D3: 9
A4: Infinity - Compliance - Non-QM | B4: 7 | C4: 1.29 | D4: 9
A5: Infinity - Credit QC - Non-QM | B5: 6 | C5: 1.5 | D5: 9
A6: Infinity - Compliance QC - Non-QM | B6: 13 | C6: 0.69 | D6: 9
A7: Infinity -PreClose Loan Setup | B7: 6 | C7: 1.5 | D7: 9
A8: Infinity -PreClose Credit | B8: 6 | C8: 1.5 | D8: 9
A9: Infinity -PreClose Credit QC | B9: 7 | C9: 1.29 | D9: 9
A10: Infinity - Review | B10: 3 | C10: 3 | D10: 9
A11: Infinity - QC | B11: 4 | C11: 2.25 | D11: 9
A13: Canopy - Credit | B13: 3 | C13: 3 | D13: 9
A14: Canopy - Credit- Deephaven | B14: 2 | C14: 4.5 | D14: 9
A15: Canopy - Compliance | B15: 6 | C15: 1.5 | D15: 9 | E15: 4 | F15: 4 | G15: 8 | H15: 6 | I15: 4 | J15: 0 | K15: 0 | L15: 0 | M15: 2 | N15: 6 | O15: 6 | P15: 0 | Q15: 0 | R15: 4 | S15: 6 | T15: 6 | U15: 6 | V15: 4 | W15: 0 | X15: 0 | Y15: 6 | Z15: 6 | AA15: 6 | AB15: 6 | AC15: 6 | AD15: 0
A16: Agency - Credit QC | B16: 8 | C16: 1.3 | D16: 9
A17: Agency - Compliance QC | B17: 13 | C17: 0.69 | D17: 9
A18: Schwab - Credit | B18: 2.5 | C18: 3.6 | D18: 9
A19: Schwab - Credit QC | B19: 5 | C19: 1.8 | D19: 9
A20: Griffin Pre - Credit | B20: 4 | C20: 2.25 | D20: 9
A21: Conditions - Credit (18) | B21: 25 | C21: 0.36 | D21: 9
A22: Conditions - Compliance (20) | B22: 22.5 | C22: 0.4 | D22: 9
A23: Other | B23: 3 | C23: 3 | D23: 9
A24: Points Per Day | E24: =(E15*C15) | F24: =(F15*C15) | G24: =(G15*C15) | H24: =(H15*C15) | I24: =(I15*C15) | M24: =(M15*C15) | N24: =(N15*C15) | O24: =(O15*C15) | R24: =(R15*C15) | S24: =(S15*C15) | T24: =(T15*C15) | U24: =(U15*C15) | V24: =(V15*C15) | Y24: =(Y15*C15) | Z24: =(Z15*C15) | AA24: =(AA15*C15) | AB24: =(AB15*C15) | AC24: =(AC15*C15) | AE24: =SUM(E24:AD24)
A25: Actual Hours Worked | AE25: =SUM(E25:AD25)
A26: Hours Worked (Adjusted as per day target) | AE26: =SUM(E26:AD26)
A27: Approved PTO | E27: 0 | F27: 0 | G27: 0 | H27: 0 | I27: 0 | J27: 0 | K27: 0 | L27: 0 | M27: 0 | N27: 0 | O27: 0 | P27: 0 | Q27: 0 | R27: 0 | S27: 0 | T27: 0 | U27: 0 | V27: 0 | W27: 0 | X27: 0 | Y27: 0 | Z27: 0 | AA27: 0 | AB27: 0 | AC27: 0 | AD27: 0 | AE27: =SUM(E27:AD27)
A28: Producticity % | AE28: =AE24/AE26
A30: Unproductive Time Explanation
A31: Date | B31: Reason | C31: Hours

Sheet Kevin Kingston
A1: Process | B1: Per Day Target | C1: Hourly Target | D1: Hours/Day | E1: 02/02 | F1: 02/03 | G1: 02/04 | H1: 02/05 | I1: 02/06 | J1: 02/07 | K1: 02/09 | L1: 02/10 | M1: 02/11 | N1: 02/12 | O1: 02/13 | P1: 02/14 | Q1: 02/15 | R1: 02/16 | S1: 02/17 | T1: 02/18 | U1: 02/19 | V1: 02/20 | W1: 02/21 | X1: 02/22 | Y1: 02/23 | Z1: 02/24 | AA1: 02/25 | AB1: 02/26 | AC1: 02/27 | AD1: 02/28 | AE1: MTD Production
A2: Infinity - Loan Setup - Non-QM | B2: 6 | C2: 1.5 | D2: 9
A3: Infinity - Credit - Non-QM | B3: 5 | C3: 1.8 | D3: 9
A4: Infinity - Compliance - Non-QM | B4: 7 | C4: 1.29 | D4: 9 | E4: 0 | F4: 0 | G4: 0 | H4: 0 | I4: 2 | J4: 0 | K4: 2 | L4: 1 | M4: 0 | N4: 0 | O4: 0 | P4: 0 | Q4: 0 | R4: 0 | S4: 0 | T4: 0 | U4: 0 | V4: 0 | W4: 0 | X4: 0 | Y4: 0 | Z4: 2 | AA4: 2 | AB4: 0 | AC4: 0 | AD4: 0
A5: Infinity - Credit QC - Non-QM | B5: 6 | C5: 1.5 | D5: 9
A6: Infinity - Compliance QC - Non-QM | B6: 13 | C6: 0.69 | D6: 9 | E6: 0 | F6: 0 | G6: 0 | H6: 0 | I6: 0 | J6: 0 | K6: 3 | L6: 3 | M6: 0 | N6: 11 | O6: 0 | P6: 0 | Q6: 0 | R6: 0 | S6: 0 | T6: 0 | U6: 0 | V6: 0 | W6: 0 | X6: 0 | Y6: 0 | Z6: 0 | AA6: 1 | AB6: 5 | AC6: 0 | AD6: 0
A7: Infinity -PreClose Loan Setup | B7: 6 | C7: 1.5 | D7: 9
A8: Infinity -PreClose Credit | B8: 6 | C8: 1.5 | D8: 9
A9: Infinity -PreClose Credit QC | B9: 7 | C9: 1.29 | D9: 9
A10: Infinity - Review | B10: 3 | C10: 3 | D10: 9
A11: Infinity - QC | B11: 4 | C11: 2.25 | D11: 9
A13: Canopy - Credit | B13: 3 | C13: 3 | D13: 9
A14: Canopy - Credit- Deephaven | B14: 2 | C14: 4.5 | D14: 9
A15: Canopy - Compliance | B15: 6 | C15: 1.5 | D15: 9
A16: Agency - Credit QC | B16: 8 | C16: 1.3 | D16: 9
A17: Agency - Compliance QC | B17: 13 | C17: 0.69 | D17: 9
A18: Schwab - Credit | B18: 2.5 | C18: 3.6 | D18: 9
A19: Schwab - Credit QC | B19: 5 | C19: 1.8 | D19: 9
... A21: Conditions - Credit (18) | B21: 25 | C21: 0.36 | D21: 9
A22: Conditions - Compliance (20) | B22: 22.5 | C22: 0.4 | D22: 9 | E22: 0 | F22: 0 | G22: 1 | H22: 0 | I22: 0 | J22: 0 | K22: 0 | L22: 0 | M22: 0 | N22: 0 | O22: 0 | P22: 0 | Q22: 0 | R22: 0 | S22: 0 | T22: 0 | U22: 0 | V22: 0 | W22: 0 | X22: 0 | Y22: 0 | Z22: 0 | AA22: 0 | AB22: 0 | AC22: 0 | AD22: 0
A23: Other | B23: 3 | C23: 3 | D23: 9
A24: Points Per Day | G24: =(G22*C22) | I24: =(I4*C4) | K24: =(K4*C4)+(K6*C6) | L24: =(L4*C4)+(L6*C6) | N24: =(N6*C6) | Z24: =(Z4*C4) | AA24: =(AA4*C4)+(AA6*C6) | AB24: =(AB6*C6) | AE24: =SUM(E24:AD24)
A25: Actual Hours Worked | AE25: =SUM(E25:AD25)
A26: Hours Worked (Adjusted as per day target) | AE26: =SUM(E26:AD26)
A27: Approved PTO | E27: 0 | F27: 0 | G27: 0 | H27: 0 | I27: 0 | J27: 0 | K27: 0 | L27: 0 | M27: 0 | N27: 0 | O27: 0 | P27: 0 | Q27: 0 | R27: 0 | S27: 0 | T27: 0 | U27: 0 | V27: 0 | W27: 0 | X27: 0 | Y27: 0 | Z27: 0 | AA27: 0 | AB27: 0 | AC27: 0 | AD27: 0 | AE27: =SUM(E27:AD27)
A28: Producticity % | AE28: =AE24/AE26
A30: Unproductive Time Explanation
A31: Date | B31: Reason | C31: Hours

Sheet Loyal Reese
A1: Process | B1: Per Day Target | C1: Hourly Target | D1: Hours/Day | E1: 02/02 | F1: 02/03 | G1: 02/04 | H1: 02/05 | I1: 02/06 | J1: 02/07 | K1: 02/09 | L1: 02/10 | M1: 02/11 | N1: 02/12 | O1: 02/13 | P1: 02/14 | Q1: 02/15 | R1: 02/16 | S1: 02/17 | T1: 02/18 | U1: 02/19 | V1: 02/20 | W1: 02/21 | X1: 02/22 | Y1: 02/23 | Z1: 02/24 | AA1: 02/25 | AB1: 02/26 | AC1: 02/27 | AD1: 02/28 | AE1: MTD Production
A2: Infinity - Loan Setup - Non-QM | B2: 6 | C2: 1.5 | D2: 9
A3: Infinity - Credit - Non-QM | B3: 5 | C3: 1.8 | D3: 9
A4: Infinity - Compliance - Non-QM | B4: 7 | C4: 1.29 | D4: 9
A5: Infinity - Credit QC - Non-QM | B5: 6 | C5: 1.5 | D5: 9
A6: Infinity - Compliance QC - Non-QM | B6: 13 | C6: 0.69 | D6: 9
A7: Infinity -PreClose Loan Setup | B7: 6 | C7: 1.5 | D7: 9
A8: Infinity -PreClose Credit | B8: 6 | C8: 1.5 | D8: 9
A9: Infinity -PreClose Credit QC | B9: 7 | C9: 1.29 | D9: 9
A10: Infinity - Review | B10: 3 | C10: 3 | D10: 9
A11: Infinity - QC | B11: 4 | C11: 2.25 | D11: 9
A13: Canopy - Credit | B13: 3 | C13: 3 | D13: 9 | E13: 2 | F13: 2 | G13: 2 | H13: 2 | I13: 3 | J13: 0 | K13: 4 | L13: 3 | M13: 3 | N13: 3 | O13: 4 | P13: 0 | Q13: 0 | R13: 0 | S13: 0 | T13: 3 | U13: 3 | V13: 3 | W13: 4 | X13: 3 | Y13: 3 | Z13: 3 | AA13: 3 | AB13: 3 | AC13: 3 | AD13: 4
A14: Canopy - Credit- Deephaven | B14: 2 | C14: 4.5 | D14: 9
A15: Canopy - Compliance | B15: 6 | C15: 1.5 | D15: 9
A16: Agency - Credit QC | B16: 8 | C16: 1.3 | D16: 9
A17: Agency - Compliance QC | B17: 13 | C17: 0.69 | D17: 9
A18: Schwab - Credit | B18: 2.5 | C18: 3.6 | D18: 9
A19: Schwab - Credit QC | B19: 5 | C19: 1.8 | D19: 9
A20: Griffin Pre - Credit | B20: 4 | C20: 2.25 | D20: 9
A21: Conditions - Credit (18) | B21: 25 | C21: 0.36 | D21: 9
A22: Conditions - Compliance (20) | B22: 22.5 | C22: 0.4 | D22: 9
A23: Other | B23: 3 | C23: 3 | D23: 9
A24: Points Per Day | E24: =(E13*C13) | F24: =(F13*C13) | G24: =(G13*C13) | H24: =(H13*C13) | I24: =(I13*C13) | K24: =(K13*C13) | L24: =(L13*C13) | M24: =(M13*C13) | N24: =(N13*C13) | O24: =(O13*C13) | T24: =(T13*C13) | U24: =(U13*C13) | V24: =(V13*C13) | W24: =(W13*C13) | X24: =(X13*C13) | Y24: =(Y13*C13) | Z24: =(Z13*C13) | AA24: =(AA13*C13) | AB24: =(AB13*C13) | AC24: =(AC13*C13) | AD24: =(AD13*C13) | AE24: =SUM(E24:AD24)
A25: Actual Hours Worked | AE25: =SUM(E25:AD25)
A26: Hours Worked (Adjusted as per day target) | AE26: =SUM(E26:AD26)
A27: Approved PTO | E27: 0 | F27: 0 | G27: 0 | H27: 0 | I27: 0 | J27: 0 | K27: 0 | L27: 0 | M27: 0 | N27: 0 | O27: 0 | P27: 0 | Q27: 0 | R27: 0 | S27: 0 | T27: 0 | U27: 0 | V27: 0 | W27: 0 | X27: 0 | Y27: 0 | Z27: 0 | AA27: 0 | AB27: 0 | AC27: 0 | AD27: 0 | AE27: =SUM(E27:AD27)
A28: Producticity % | AE28: =AE24/AE26
A30: Unproductive Time Explanation
A31: Date | B31: Reason | C31: Hours

Sheet Lyla Silvester
A1: Process | B1: Per Day Target | C1: Hourly Target | D1: Hours/Day | E1: 02/02 | F1: 02/03 | G1: 02/04 | H1: 02/05 | I1: 02/06 | J1: 02/07 | K1: 02/09 | L1: 02/10 | M1: 02/11 | N1: 02/12 | O1: 02/13 | P1: 02/14 | Q1: 02/15 | R1: 02/16 | S1: 02/17 | T1: 02/18 | U1: 02/19 | V1: 02/20 | W1: 02/21 | X1: 02/22 | Y1: 02/23 | Z1: 02/24 | AA1: 02/25 | AB1: 02/26 | AC1: 02/27 | AD1: 02/28 | AE1: MTD Production
A2: Infinity - Loan Setup - Non-QM | B2: 6 | C2: 1.5 | D2: 9
A3: Infinity - Credit - Non-QM | B3: 5 | C3: 1.8 | D3: 9
A4: Infinity - Compliance - Non-QM | B4: 7 | C4: 1.29 | D4: 9
A5: Infinity - Credit QC - Non-QM | B5: 6 | C5: 1.5 | D5: 9
A6: Infinity - Compliance QC - Non-QM | B6: 13 | C6: 0.69 | D6: 9
A7: Infinity -PreClose Loan Setup | B7: 6 | C7: 1.5 | D7: 9
A8: Infinity -PreClose Credit | B8: 6 | C8: 1.5 | D8: 9
A9: Infinity -PreClose Credit QC | B9: 7 | C9: 1.29 | D9: 9
A10: Infinity - Review | B10: 3 | C10: 3 | D10: 9
A11: Infinity - QC | B11: 4 | C11: 2.25 | D11: 9
A13: Canopy - Credit | B13: 3 | C13: 3 | D13: 9 | E13: 4 | F13: 3 | G13: 3 | H13: 3 | I13: 2 | J13: 0 | K13: 3 | L13: 3 | M13: 4 | N13: 3 | O13: 2 | P13: 0 | Q13: 1 | R13: 3 | S13: 2 | T13: 3 | U13: 2 | V13: 2 | W13: 1 | X13: 0 | Y13: 3 | Z13: 3 | AA13: 3 | AB13: 3 | AC13: 3 | AD13: 0
A14: Canopy - Credit- Deephaven | B14: 2 | C14: 4.5 | D14: 9
A15: Canopy - Compliance | B15: 6 | C15: 1.5 | D15: 9
A16: Agency - Credit QC | B16: 8 | C16: 1.3 | D16: 9
A17: Agency - Compliance QC | B17: 13 | C17: 0.69 | D17: 9
A18: Schwab - Credit | B18: 2.5 | C18: 3.6 | D18: 9
A19: Schwab - Credit QC | B19: 5 | C19: 1.8 | D19: 9
A20: Griffin Pre - Credit | B20: 4 | C20: 2.25 | D20: 9
A21: Conditions - Credit (18) | B21: 25 | C21: 0.36 | D21: 9
A22: Conditions - Compliance (20) | B22: 22.5 | C22: 0.4 | D22: 9
A23: Other | B23: 3 | C23: 3 | D23: 9
A24: Points Per Day | E24: =(E13*C13) | F24: =(F13*C13) | G24: =(G13*C13) | H24: =(H13*C13) | I24: =(I13*C13) | K24: =(K13*C13) | L24: =(L13*C13) | M24: =(M13*C13) | N24: =(N13*C13) | O24: =(O13*C13) | Q24: =(Q13*C13) | R24: =(R13*C13) | S24: =(S13*C13) | T24: =(T13*C13) | U24: =(U13*C13) | V24: =(V13*C13) | W24: =(W13*C13) | Y24: =(Y13*C13) | Z24: =(Z13*C13) | AA24: =(AA13*C13) | AB24: =(AB13*C13) | AC24: =(AC13*C13) | AE24: =SUM(E24:AD24)
A25: Actual Hours Worked | AE25: =SUM(E25:AD25)
A26: Hours Worked (Adjusted as per day target) | AE26: =SUM(E26:AD26)
A27: Approved PTO | E27: 0 | F27: 0 | G27: 0 | H27: 0 | I27: 0 | J27: 0 | K27: 0 | L27: 0 | M27: 0 | N27: 0 | O27: 0 | P27: 0 | Q27: 0 | R27: 0 | S27: 0 | T27: 0 | U27: 0 | V27: 0 | W27: 0 | X27: 0 | Y27: 0 | Z27: 0 | AA27: 0 | AB27: 0 | AC27: 0 | AD27: 0 | AE27: =SUM(E27:AD27)
A28: Producticity % | AE28: =AE24/AE26
A30: Unproductive Time Explanation
A31: Date | B31: Reason | C31: Hours

Sheet Mackenzie Hayes
A1: Process | B1: Per Day Target | C1: Hourly Target | D1: Hours/Day | E1: 02/02 | F1: 02/03 | G1: 02/04 | H1: 02/05 | I1: 02/06 | J1: 02/07 | K1: 02/09 | L1: 02/10 | M1: 02/11 | N1: 02/12 | O1: 02/13 | P1: 02/14 | Q1: 02/15 | R1: 02/16 | S1: 02/17 | T1: 02/18 | U1: 02/19 | V1: 02/20 | W1: 02/21 | X1: 02/22 | Y1: 02/23 | Z1: 02/24 | AA1: 02/25 | AB1: 02/26 | AC1: 02/27 | AD1: 02/28 | AE1: MTD Production
A2: Infinity - Loan Setup - Non-QM | B2: 6 | C2: 1.5 | D2: 9
A3: Infinity - Credit - Non-QM | B3: 5 | C3: 1.8 | D3: 9 | E3: 1 | F3: 0 | G3: 0 | H3: 0 | I3: 0 | J3: 0 | K3: 1 | L3: 3 | M3: 0 | N3: 6 | O3: 3 | P3: 0 | Q3: 0 | R3: 0 | S3: 0 | T3: 0 | U3: 1 | V3: 0 | W3: 0 | X3: 0 | Y3: 2 | Z3: 5 | AA3: 4 | AB3: 3 | AC3: 0 | AD3: 0
A4: Infinity - Compliance - Non-QM | B4: 7 | C4: 1.29 | D4: 9
A5: Infinity - Credit QC - Non-QM | B5: 6 | C5: 1.5 | D5: 9
A6: Infinity - Compliance QC - Non-QM | B6: 13 | C6: 0.69 | D6: 9
A7: Infinity -PreClose Loan Setup | B7: 6 | C7: 1.5 | D7: 9
A8: Infinity -PreClose Credit | B8: 6 | C8: 1.5 | D8: 9 | E8: 0 | F8: 0 | G8: 2 | H8: 0 | I8: 0 | J8: 0 | K8: 1 | L8: 0 | M8: 0 | N8: 0 | O8: 0 | P8: 0 | Q8: 0 | R8: 0 | S8: 0 | T8: 1 | U8: 0 | V8: 1 | W8: 0 | X8: 0 | Y8: 1 | Z8: 0 | AA8: 1 | AB8: 0 | AC8: 0 | AD8: 0
A9: Infinity -PreClose Credit QC | B9: 7 | C9: 1.29 | D9: 9
A10: Infinity - Review | B10: 3 | C10: 3 | D10: 9
A11: Infinity - QC | B11: 4 | C11: 2.25 | D11: 9
A13: Canopy - Credit | B13: 3 | C13: 3 | D13: 9
A14: Canopy - Credit- Deephaven | B14: 2 | C14: 4.5 | D14: 9
A15: Canopy - Compliance | B15: 6 | C15: 1.5 | D15: 9
A16: Agency - Credit QC | B16: 8 | C16: 1.3 | D16: 9
A17: Agency - Compliance QC | B17: 13 | C17: 0.69 | D17: 9
A18: Schwab - Credit | B18: 2.5 | C18: 3.6 | D18: 9
A19: Schwab - Credit QC | B19: 5 | C19: 1.8 | D19: 9
A20: Griffin Pre - Credit | B20: 4 | C20: 2.25 | D20: 9
A21: Conditions - Credit (18) | B21: 25 | C21: 0.36 | D21: 9
... A23: Other | B23: 3 | C23: 3 | D23: 9
A24: Points Per Day | E24: =(E3*C3) | G24: =(G8*C8) | K24: =(K3*C3)+(K8*C8) | L24: =(L3*C3) | N24: =(N3*C3) | O24: =(O3*C3) | T24: =(T8*C8) | U24: =(U3*C3) | V24: =(V8*C8) | Y24: =(Y3*C3)+(Y8*C8) | Z24: =(Z3*C3) | AA24: =(AA3*C3)+(AA8*C8) | AB24: =(AB3*C3) | AE24: =SUM(E24:AD24)
A25: Actual Hours Worked | AE25: =SUM(E25:AD25)
A26: Hours Worked (Adjusted as per day target) | AE26: =SUM(E26:AD26)
A27: Approved PTO | E27: 0 | F27: 0 | G27: 0 | H27: 0 | I27: 0 | J27: 0 | K27: 0 | L27: 0 | M27: 0 | N27: 0 | O27: 0 | P27: 0 | Q27: 0 | R27: 0 | S27: 0 | T27: 0 | U27: 0 | V27: 0 | W27: 0 | X27: 0 | Y27: 0 | Z27: 0 | AA27: 0 | AB27: 0 | AC27: 0 | AD27: 0 | AE27: =SUM(E27:AD27)
A28: Producticity % | AE28: =AE24/AE26
A30: Unproductive Time Explanation
A31: Date | B31: Reason | C31: Hours

Sheet Madden Carter
A1: Process | B1: Per Day Target | C1: Hourly Target | D1: Hours/Day | E1: 02/02 | F1: 02/03 | G1: 02/04 | H1: 02/05 | I1: 02/06 | J1: 02/07 | K1: 02/09 | L1: 02/10 | M1: 02/11 | N1: 02/12 | O1: 02/13 | P1: 02/14 | Q1: 02/15 | R1: 02/16 | S1: 02/17 | T1: 02/18 | U1: 02/19 | V1: 02/20 | W1: 02/21 | X1: 02/22 | Y1: 02/23 | Z1: 02/24 | AA1: 02/25 | AB1: 02/26 | AC1: 02/27 | AD1: 02/28 | AE1: MTD Production
A2: Infinity - Loan Setup - Non-QM | B2: 6 | C2: 1.5 | D2: 9
A3: Infinity - Credit - Non-QM | B3: 5 | C3: 1.8 | D3: 9
A4: Infinity - Compliance - Non-QM | B4: 7 | C4: 1.29 | D4: 9
A5: Infinity - Credit QC - Non-QM | B5: 6 | C5: 1.5 | D5: 9
A6: Infinity - Compliance QC - Non-QM | B6: 13 | C6: 0.69 | D6: 9
A7: Infinity -PreClose Loan Setup | B7: 6 | C7: 1.5 | D7: 9
A8: Infinity -PreClose Credit | B8: 6 | C8: 1.5 | D8: 9
A9: Infinity -PreClose Credit QC | B9: 7 | C9: 1.29 | D9: 9
A10: Infinity - Review | B10: 3 | C10: 3 | D10: 9
A11: Infinity - QC | B11: 4 | C11: 2.25 | D11: 9
A13: Canopy - Credit | B13: 3 | C13: 3 | D13: 9 | E13: 4 | F13: 3 | G13: 4 | H13: 3 | I13: 0 | J13: 0 | K13: 0 | L13: 3 | M13: 4 | N13: 3 | O13: 3 | P13: 0 | Q13: 4 | R13: 2 | S13: 3 | T13: 0 | U13: 0 | V13: 7 | W13: 2 | X13: 1 | Y13: 3 | Z13: 4 | AA13: 4 | AB13: 5 | AC13: 5 | AD13: 2
A14: Canopy - Credit- Deephaven | B14: 2 | C14: 4.5 | D14: 9
A15: Canopy - Compliance | B15: 6 | C15: 1.5 | D15: 9
A16: Agency - Credit QC | B16: 8 | C16: 1.3 | D16: 9
A17: Agency - Compliance QC | B17: 13 | C17: 0.69 | D17: 9
A18: Schwab - Credit | B18: 2.5 | C18: 3.6 | D18: 9
A19: Schwab - Credit QC | B19: 5 | C19: 1.8 | D19: 9
A20: Griffin Pre - Credit | B20: 4 | C20: 2.25 | D20: 9
A21: Conditions - Credit (18) | B21: 25 | C21: 0.36 | D21: 9
A22: Conditions - Compliance (20) | B22: 22.5 | C22: 0.4 | D22: 9
A23: Other | B23: 3 | C23: 3 | D23: 9
A24: Points Per Day | E24: =(E13*C13) | F24: =(F13*C13) | G24: =(G13*C13) | H24: =(H13*C13) | L24: =(L13*C13) | M24: =(M13*C13) | N24: =(N13*C13) | O24: =(O13*C13) | Q24: =(Q13*C13) | R24: =(R13*C13) | S24: =(S13*C13) | V24: =(V13*C13) | W24: =(W13*C13) | X24: =(X13*C13) | Y24: =(Y13*C13) | Z24: =(Z13*C13) | AA24: =(AA13*C13) | AB24: =(AB13*C13) | AC24: =(AC13*C13) | AD24: =(AD13*C13) | AE24: =SUM(E24:AD24)
A25: Actual Hours Worked | AE25: =SUM(E25:AD25)
A26: Hours Worked (Adjusted as per day target) | AE26: =SUM(E26:AD26)
A27: Approved PTO | E27: 0 | F27: 0 | G27: 0 | H27: 0 | I27: 0 | J27: 0 | K27: 0 | L27: 0 | M27: 0 | N27: 0 | O27: 0 | P27: 0 | Q27: 0 | R27: 0 | S27: 0 | T27: 0 | U27: 0 | V27: 0 | W27: 0 | X27: 0 | Y27: 0 | Z27: 0 | AA27: 0 | AB27: 0 | AC27: 0 | AD27: 0 | AE27: =SUM(E27:AD27)
A28: Producticity % | AE28: =AE24/AE26
A30: Unproductive Time Explanation
A31: Date | B31: Reason | C31: Hours

Sheet Madelyn Blake
A1: Process | B1: Per Day Target | C1: Hourly Target | D1: Hours/Day | E1: 02/02 | F1: 02/03 | G1: 02/04 | H1: 02/05 | I1: 02/06 | J1: 02/07 | K1: 02/09 | L1: 02/10 | M1: 02/11 | N1: 02/12 | O1: 02/13 | P1: 02/14 | Q1: 02/15 | R1: 02/16 | S1: 02/17 | T1: 02/18 | U1: 02/19 | V1: 02/20 | W1: 02/21 | X1: 02/22 | Y1: 02/23 | Z1: 02/24 | AA1: 02/25 | AB1: 02/26 | AC1: 02/27 | AD1: 02/28 | AE1: MTD Production
A2: Infinity - Loan Setup - Non-QM | B2: 6 | C2: 1.5 | D2: 9
A3: Infinity - Credit - Non-QM | B3: 5 | C3: 1.8 | D3: 9
A4: Infinity - Compliance - Non-QM | B4: 7 | C4: 1.29 | D4: 9
A5: Infinity - Credit QC - Non-QM | B5: 6 | C5: 1.5 | D5: 9
A6: Infinity - Compliance QC - Non-QM | B6: 13 | C6: 0.69 | D6: 9
A7: Infinity -PreClose Loan Setup | B7: 6 | C7: 1.5 | D7: 9
A8: Infinity -PreClose Credit | B8: 6 | C8: 1.5 | D8: 9
A9: Infinity -PreClose Credit QC | B9: 7 | C9: 1.29 | D9: 9
A10: Infinity - Review | B10: 3 | C10: 3 | D10: 9
A11: Infinity - QC | B11: 4 | C11: 2.25 | D11: 9
A13: Canopy - Credit | B13: 3 | C13: 3 | D13: 9
A14: Canopy - Credit- Deephaven | B14: 2 | C14: 4.5 | D14: 9
A15: Canopy - Compliance | B15: 6 | C15: 1.5 | D15: 9 | E15: 6 | F15: 5 | G15: 5 | H15: 4 | I15: 2 | J15: 0 | K15: 3 | L15: 5 | M15: 5 | N15: 5 | O15: 7 | P15: 0 | Q15: 0 | R15: 8 | S15: 4 | T15: 0 | U15: 5 | V15: 5 | W15: 0 | X15: 2 | Y15: 6 | Z15: 5 | AA15: 9 | AB15: 7 | AC15: 8 | AD15: 0
A16: Agency - Credit QC | B16: 8 | C16: 1.3 | D16: 9
A17: Agency - Compliance QC | B17: 13 | C17: 0.69 | D17: 9
A18: Schwab - Credit | B18: 2.5 | C18: 3.6 | D18: 9
A19: Schwab - Credit QC | B19: 5 | C19: 1.8 | D19: 9
A20: Griffin Pre - Credit | B20: 4 | C20: 2.25 | D20: 9
A21: Conditions - Credit (18) | B21: 25 | C21: 0.36 | D21: 9
A22: Conditions - Compliance (20) | B22: 22.5 | C22: 0.4 | D22: 9
A23: Other | B23: 3 | C23: 3 | D23: 9
A24: Points Per Day | E24: =(E15*C15) | F24: =(F15*C15) | G24: =(G15*C15) | H24: =(H15*C15) | I24: =(I15*C15) | K24: =(K15*C15) | L24: =(L15*C15) | M24: =(M15*C15) | N24: =(N15*C15) | O24: =(O15*C15) | R24: =(R15*C15) | S24: =(S15*C15) | U24: =(U15*C15) | V24: =(V15*C15) | X24: =(X15*C15) | Y24: =(Y15*C15) | Z24: =(Z15*C15) | AA24: =(AA15*C15) | AB24: =(AB15*C15) | AC24: =(AC15*C15) | AE24: =SUM(E24:AD24)
A25: Actual Hours Worked | AE25: =SUM(E25:AD25)
A26: Hours Worked (Adjusted as per day target) | AE26: =SUM(E26:AD26)
A27: Approved PTO | E27: 0 | F27: 0 | G27: 0 | H27: 0 | I27: 0 | J27: 0 | K27: 0 | L27: 0 | M27: 0 | N27: 0 | O27: 0 | P27: 0 | Q27: 0 | R27: 0 | S27: 0 | T27: 0 | U27: 0 | V27: 0 | W27: 0 | X27: 0 | Y27: 0 | Z27: 0 | AA27: 0 | AB27: 0 | AC27: 0 | AD27: 0 | AE27: =SUM(E27:AD27)
A28: Producticity % | AE28: =AE24/AE26
A30: Unproductive Time Explanation
A31: Date | B31: Reason | C31: Hours

Sheet Marcus Kameron
A1: Process | B1: Per Day Target | C1: Hourly Target | D1: Hours/Day | E1: 02/02 | F1: 02/03 | G1: 02/04 | H1: 02/05 | I1: 02/06 | J1: 02/07 | K1: 02/09 | L1: 02/10 | M1: 02/11 | N1: 02/12 | O1: 02/13 | P1: 02/14 | Q1: 02/15 | R1: 02/16 | S1: 02/17 | T1: 02/18 | U1: 02/19 | V1: 02/20 | W1: 02/21 | X1: 02/22 | Y1: 02/23 | Z1: 02/24 | AA1: 02/25 | AB1: 02/26 | AC1: 02/27 | AD1: 02/28 | AE1: MTD Production
A2: Infinity - Loan Setup - Non-QM | B2: 6 | C2: 1.5 | D2: 9
A3: Infinity - Credit - Non-QM | B3: 5 | C3: 1.8 | D3: 9
A4: Infinity - Compliance - Non-QM | B4: 7 | C4: 1.29 | D4: 9
A5: Infinity - Credit QC - Non-QM | B5: 6 | C5: 1.5 | D5: 9
A6: Infinity - Compliance QC - Non-QM | B6: 13 | C6: 0.69 | D6: 9
A7: Infinity -PreClose Loan Setup | B7: 6 | C7: 1.5 | D7: 9
A8: Infinity -PreClose Credit | B8: 6 | C8: 1.5 | D8: 9
A9: Infinity -PreClose Credit QC | B9: 7 | C9: 1.29 | D9: 9
A10: Infinity - Review | B10: 3 | C10: 3 | D10: 9
A11: Infinity - QC | B11: 4 | C11: 2.25 | D11: 9
A13: Canopy - Credit | B13: 3 | C13: 3 | D13: 9 | E13: 0 | F13: 0 | G13: 1 | H13: 0 | I13: 0 | J13: 0 | K13: 0 | L13: 0 | M13: 0 | N13: 0 | O13: 0 | P13: 0 | Q13: 0 | R13: 0 | S13: 0 | T13: 0 | U13: 0 | V13: 0 | W13: 0 | X13: 0 | Y13: 0 | Z13: 0 | AA13: 0 | AB13: 0 | AC13: 0 | AD13: 0
A14: Canopy - Credit- Deephaven | B14: 2 | C14: 4.5 | D14: 9
A15: Canopy - Compliance | B15: 6 | C15: 1.5 | D15: 9 | E15: 6 | F15: 6 | G15: 7 | H15: 9 | I15: 6 | J15: 0 | K15: 7 | L15: 6 | M15: 5 | N15: 6 | O15: 8 | P15: 0 | Q15: 0 | R15: 9 | S15: 4 | T15: 8 | U15: 7 | V15: 0 | W15: 0 | X15: 0 | Y15: 0 | Z15: 0 | AA15: 6 | AB15: 9 | AC15: 8 | AD15: 0
A16: Agency - Credit QC | B16: 8 | C16: 1.3 | D16: 9
A17: Agency - Compliance QC | B17: 13 | C17: 0.69 | D17: 9
A18: Schwab - Credit | B18: 2.5 | C18: 3.6 | D18: 9
A19: Schwab - Credit QC | B19: 5 | C19: 1.8 | D19: 9
A20: Griffin Pre - Credit | B20: 4 | C20: 2.25 | D20: 9
A21: Conditions - Credit (18) | B21: 25 | C21: 0.36 | D21: 9
A22: Conditions - Compliance (20) | B22: 22.5 | C22: 0.4 | D22: 9
A23: Other | B23: 3 | C23: 3 | D23: 9
A24: Points Per Day | E24: =(E15*C15) | F24: =(F15*C15) | G24: =(G13*C13)+(G15*C15) | H24: =(H15*C15) | I24: =(I15*C15) | K24: =(K15*C15) | L24: =(L15*C15) | M24: =(M15*C15) | N24: =(N15*C15) | O24: =(O15*C15) | R24: =(R15*C15) | S24: =(S15*C15) | T24: =(T15*C15) | U24: =(U15*C15) | AA24: =(AA15*C15) | AB24: =(AB15*C15) | AC24: =(AC15*C15) | AE24: =SUM(E24:AD24)
A25: Actual Hours Worked | AE25: =SUM(E25:AD25)
A26: Hours Worked (Adjusted as per day target) | AE26: =SUM(E26:AD26)
A27: Approved PTO | E27: 0 | F27: 0 | G27: 0 | H27: 0 | I27: 0 | J27: 0 | K27: 0 | L27: 0 | M27: 0 | N27: 0 | O27: 0 | P27: 0 | Q27: 0 | R27: 0 | S27: 0 | T27: 0 | U27: 0 | V27: 0 | W27: 0 | X27: 0 | Y27: 0 | Z27: 0 | AA27: 0 | AB27: 0 | AC27: 0 | AD27: 0 | AE27: =SUM(E27:AD27)
A28: Producticity % | AE28: =AE24/AE26
A30: Unproductive Time Explanation
A31: Date | B31: Reason | C31: Hours

Sheet Mark Alvise
A1: Process | B1: Per Day Target | C1: Hourly Target | D1: Hours/Day | E1: 02/02 | F1: 02/03 | G1: 02/04 | H1: 02/05 | I1: 02/06 | J1: 02/07 | K1: 02/09 | L1: 02/10 | M1: 02/11 | N1: 02/12 | O1: 02/13 | P1: 02/14 | Q1: 02/15 | R1: 02/16 | S1: 02/17 | T1: 02/18 | U1: 02/19 | V1: 02/20 | W1: 02/21 | X1: 02/22 | Y1: 02/23 | Z1: 02/24 | AA1: 02/25 | AB1: 02/26 | AC1: 02/27 | AD1: 02/28 | AE1: MTD Production
A2: Infinity - Loan Setup - Non-QM | B2: 6 | C2: 1.5 | D2: 9
A3: Infinity - Credit - Non-QM | B3: 5 | C3: 1.8 | D3: 9 | E3: 0 | F3: 0 | G3: 0 | H3: 0 | I3: 4 | J3: 0 | K3: 3 | L3: 0 | M3: 0 | N3: 0 | O3: 2 | P3: 0 | Q3: 0 | R3: 0 | S3: 0 | T3: 0 | U3: 0 | V3: 0 | W3: 0 | X3: 0 | Y3: 0 | Z3: 1 | AA3: 1 | AB3: 0 | AC3: 0 | AD3: 0
A4: Infinity - Compliance - Non-QM | B4: 7 | C4: 1.29 | D4: 9
A5: Infinity - Credit QC - Non-QM | B5: 6 | C5: 1.5 | D5: 9
A6: Infinity - Compliance QC - Non-QM | B6: 13 | C6: 0.69 | D6: 9
A7: Infinity -PreClose Loan Setup | B7: 6 | C7: 1.5 | D7: 9
A8: Infinity -PreClose Credit | B8: 6 | C8: 1.5 | D8: 9
A9: Infinity -PreClose Credit QC | B9: 7 | C9: 1.29 | D9: 9
A10: Infinity - Review | B10: 3 | C10: 3 | D10: 9
A11: Infinity - QC | B11: 4 | C11: 2.25 | D11: 9
A13: Canopy - Credit | B13: 3 | C13: 3 | D13: 9 | E13: 4 | F13: 1 | G13: 4 | H13: 1 | I13: 0 | J13: 3 | K13: 0 | L13: 3 | M13: 3 | N13: 3 | O13: 1 | P13: 3 | Q13: 4 | R13: 2 | S13: 2 | T13: 1 | U13: 2 | V13: 0 | W13: 0 | X13: 0 | Y13: 0 | Z13: 1 | AA13: 2 | AB13: 2 | AC13: 0 | AD13: 4
A14: Canopy - Credit- Deephaven | B14: 2 | C14: 4.5 | D14: 9
A15: Canopy - Compliance | B15: 6 | C15: 1.5 | D15: 9
A16: Agency - Credit QC | B16: 8 | C16: 1.3 | D16: 9
A17: Agency - Compliance QC | B17: 13 | C17: 0.69 | D17: 9
A18: Schwab - Credit | B18: 2.5 | C18: 3.6 | D18: 9
A19: Schwab - Credit QC | B19: 5 | C19: 1.8 | D19: 9
A20: Griffin Pre - Credit | B20: 4 | C20: 2.25 | D20: 9
A21: Conditions - Credit (18) | B21: 25 | C21: 0.36 | D21: 9
A22: Conditions - Compliance (20) | B22: 22.5 | C22: 0.4 | D22: 9
A23: Other | B23: 3 | C23: 3 | D23: 9
A24: Points Per Day | E24: =(E13*C13) | F24: =(F13*C13) | G24: =(G13*C13) | H24: =(H13*C13) | I24: =(I3*C3) | J24: =(J13*C13) | K24: =(K3*C3) | L24: =(L13*C13) | M24: =(M13*C13) | N24: =(N13*C13) | O24: =(O3*C3)+(O13*C13) | P24: =(P13*C13) | Q24: =(Q13*C13) | R24: =(R13*C13) | S24: =(S13*C13) | T24: =(T13*C13) | U24: =(U13*C13) | Z24: =(Z3*C3)+(Z13*C13) | AA24: =(AA3*C3)+(AA13*C13) | AB24: =(AB13*C13) | AD24: =(AD13*C13) | AE24: =SUM(E24:AD24)
A25: Actual Hours Worked | AE25: =SUM(E25:AD25)
A26: Hours Worked (Adjusted as per day target) | AE26: =SUM(E26:AD26)
A27: Approved PTO | E27: 0 | F27: 0 | G27: 0 | H27: 0 | I27: 0 | J27: 0 | K27: 0 | L27: 0 | M27: 0 | N27: 0 | O27: 0 | P27: 0 | Q27: 0 | R27: 0 | S27: 0 | T27: 0 | U27: 0 | V27: 0 | W27: 0 | X27: 0 | Y27: 0 | Z27: 0 | AA27: 0 | AB27: 0 | AC27: 0 | AD27: 0 | AE27: =SUM(E27:AD27)
A28: Producticity % | AE28: =AE24/AE26
A30: Unproductive Time Explanation
A31: Date | B31: Reason | C31: Hours

Sheet Mason Klein
A1: Process | B1: Per Day Target | C1: Hourly Target | D1: Hours/Day | E1: 02/02 | F1: 02/03 | G1: 02/04 | H1: 02/05 | I1: 02/06 | J1: 02/07 | K1: 02/09 | L1: 02/10 | M1: 02/11 | N1: 02/12 | O1: 02/13 | P1: 02/14 | Q1: 02/15 | R1: 02/16 | S1: 02/17 | T1: 02/18 | U1: 02/19 | V1: 02/20 | W1: 02/21 | X1: 02/22 | Y1: 02/23 | Z1: 02/24 | AA1: 02/25 | AB1: 02/26 | AC1: 02/27 | AD1: 02/28 | AE1: MTD Production
A2: Infinity - Loan Setup - Non-QM | B2: 6 | C2: 1.5 | D2: 9
A3: Infinity - Credit - Non-QM | B3: 5 | C3: 1.8 | D3: 9
A4: Infinity - Compliance - Non-QM | B4: 7 | C4: 1.29 | D4: 9
A5: Infinity - Credit QC - Non-QM | B5: 6 | C5: 1.5 | D5: 9 | E5: 0 | F5: 0 | G5: 0 | H5: 0 | I5: 0 | J5: 0 | K5: 0 | L5: 0 | M5: 0 | N5: 0 | O5: 0 | P5: 0 | Q5: 0 | R5: 0 | S5: 0 | T5: 0 | U5: 0 | V5: 0 | W5: 0 | X5: 0 | Y5: 0 | Z5: 0 | AA5: 0 | AB5: 1 | AC5: 0 | AD5: 0
A6: Infinity - Compliance QC - Non-QM | B6: 13 | C6: 0.69 | D6: 9
A7: Infinity -PreClose Loan Setup | B7: 6 | C7: 1.5 | D7: 9
A8: Infinity -PreClose Credit | B8: 6 | C8: 1.5 | D8: 9
A9: Infinity -PreClose Credit QC | B9: 7 | C9: 1.29 | D9: 9
A10: Infinity - Review | B10: 3 | C10: 3 | D10: 9
A11: Infinity - QC | B11: 4 | C11: 2.25 | D11: 9
A13: Canopy - Credit | B13: 3 | C13: 3 | D13: 9
A14: Canopy - Credit- Deephaven | B14: 2 | C14: 4.5 | D14: 9
A15: Canopy - Compliance | B15: 6 | C15: 1.5 | D15: 9
A16: Agency - Credit QC | B16: 8 | C16: 1.3 | D16: 9
A17: Agency - Compliance QC | B17: 13 | C17: 0.69 | D17: 9
A18: Schwab - Credit | B18: 2.5 | C18: 3.6 | D18: 9
... A23: Other | B23: 3 | C23: 3 | D23: 9
A24: Points Per Day | AB24: =(AB5*C5) | AE24: =SUM(E24:AD24)
A25: Actual Hours Worked | AE25: =SUM(E25:AD25)
A26: Hours Worked (Adjusted as per day target) | AE26: =SUM(E26:AD26)
A27: Approved PTO | E27: 0 | F27: 0 | G27: 0 | H27: 0 | I27: 0 | J27: 0 | K27: 0 | L27: 0 | M27: 0 | N27: 0 | O27: 0 | P27: 0 | Q27: 0 | R27: 0 | S27: 0 | T27: 0 | U27: 0 | V27: 0 | W27: 0 | X27: 0 | Y27: 0 | Z27: 0 | AA27: 0 | AB27: 0 | AC27: 0 | AD27: 0 | AE27: =SUM(E27:AD27)
A28: Producticity % | AE28: =AE24/AE26
A30: Unproductive Time Explanation
A31: Date | B31: Reason | C31: Hours

Sheet Maxx Todd
A1: Process | B1: Per Day Target | C1: Hourly Target | D1: Hours/Day | E1: 02/02 | F1: 02/03 | G1: 02/04 | H1: 02/05 | I1: 02/06 | J1: 02/07 | K1: 02/09 | L1: 02/10 | M1: 02/11 | N1: 02/12 | O1: 02/13 | P1: 02/14 | Q1: 02/15 | R1: 02/16 | S1: 02/17 | T1: 02/18 | U1: 02/19 | V1: 02/20 | W1: 02/21 | X1: 02/22 | Y1: 02/23 | Z1: 02/24 | AA1: 02/25 | AB1: 02/26 | AC1: 02/27 | AD1: 02/28 | AE1: MTD Production
A2: Infinity - Loan Setup - Non-QM | B2: 6 | C2: 1.5 | D2: 9
A3: Infinity - Credit - Non-QM | B3: 5 | C3: 1.8 | D3: 9
A4: Infinity - Compliance - Non-QM | B4: 7 | C4: 1.29 | D4: 9
A5: Infinity - Credit QC - Non-QM | B5: 6 | C5: 1.5 | D5: 9 | E5: 0 | F5: 1 | G5: 0 | H5: 0 | I5: 0 | J5: 0 | K5: 0 | L5: 3 | M5: 5 | N5: 7 | O5: 0 | P5: 0 | Q5: 0 | R5: 0 | S5: 0 | T5: 0 | U5: 1 | V5: 0 | W5: 0 | X5: 0 | Y5: 0 | Z5: 0 | AA5: 9 | AB5: 4 | AC5: 1 | AD5: 0
A6: Infinity - Compliance QC - Non-QM | B6: 13 | C6: 0.69 | D6: 9
A7: Infinity -PreClose Loan Setup | B7: 6 | C7: 1.5 | D7: 9
A8: Infinity -PreClose Credit | B8: 6 | C8: 1.5 | D8: 9
A9: Infinity -PreClose Credit QC | B9: 7 | C9: 1.29 | D9: 9 | E9: 0 | F9: 1 | G9: 3 | H9: 0 | I9: 0 | J9: 0 | K9: 0 | L9: 3 | M9: 0 | N9: 0 | O9: 0 | P9: 0 | Q9: 0 | R9: 1 | S9: 1 | T9: 1 | U9: 2 | V9: 1 | W9: 0 | X9: 0 | Y9: 0 | Z9: 0 | AA9: 1 | AB9: 1 | AC9: 1 | AD9: 0
A10: Infinity - Review | B10: 3 | C10: 3 | D10: 9
A11: Infinity - QC | B11: 4 | C11: 2.25 | D11: 9
